CREATE DATABASE  IF NOT EXISTS `bookmyroom` /*!40100 DEFAULT CHARACTER SET utf8mb4 COLLATE utf8mb4_0900_ai_ci */ /*!80016 DEFAULT ENCRYPTION='N' */;
USE `bookmyroom`;
-- MySQL dump 10.13  Distrib 8.0.32, for Win64 (x86_64)
--
-- Host: localhost    Database: bookmyroom
-- ------------------------------------------------------
-- Server version	8.0.32

/*!40101 SET @OLD_CHARACTER_SET_CLIENT=@@CHARACTER_SET_CLIENT */;
/*!40101 SET @OLD_CHARACTER_SET_RESULTS=@@CHARACTER_SET_RESULTS */;
/*!40101 SET @OLD_COLLATION_CONNECTION=@@COLLATION_CONNECTION */;
/*!50503 SET NAMES utf8 */;
/*!40103 SET @OLD_TIME_ZONE=@@TIME_ZONE */;
/*!40103 SET TIME_ZONE='+00:00' */;
/*!40014 SET @OLD_UNIQUE_CHECKS=@@UNIQUE_CHECKS, UNIQUE_CHECKS=0 */;
/*!40014 SET @OLD_FOREIGN_KEY_CHECKS=@@FOREIGN_KEY_CHECKS, FOREIGN_KEY_CHECKS=0 */;
/*!40101 SET @OLD_SQL_MODE=@@SQL_MODE, SQL_MODE='NO_AUTO_VALUE_ON_ZERO' */;
/*!40111 SET @OLD_SQL_NOTES=@@SQL_NOTES, SQL_NOTES=0 */;

--
-- Table structure for table `address`
--

DROP TABLE IF EXISTS `address`;
/*!40101 SET @saved_cs_client     = @@character_set_client */;
/*!50503 SET character_set_client = utf8mb4 */;
CREATE TABLE `address` (
                           `id` int NOT NULL AUTO_INCREMENT,
                           `city_id` int NOT NULL,
                           `address_line` varchar(255) NOT NULL,
                           PRIMARY KEY (`id`),
                           KEY `city_id` (`city_id`),
                           CONSTRAINT `address_ibfk_1` FOREIGN KEY (`city_id`) REFERENCES `city` (`id`)
) ENGINE=InnoDB AUTO_INCREMENT=6 DEFAULT CHARSET=utf8mb4 COLLATE=utf8mb4_0900_ai_ci;
/*!40101 SET character_set_client = @saved_cs_client */;

--
-- Dumping data for table `address`
--

LOCK TABLES `address` WRITE;
/*!40000 ALTER TABLE `address` DISABLE KEYS */;
INSERT INTO `address` VALUES (1,1,'Rue du testing 1'),(3,287,'12 Grand Rue'),(4,287,'22 rue des champs'),(5,1671,'1 Avenue de l\'anneau ');
/*!40000 ALTER TABLE `address` ENABLE KEYS */;
UNLOCK TABLES;

--
-- Table structure for table `booking`
--

DROP TABLE IF EXISTS `booking`;
/*!40101 SET @saved_cs_client     = @@character_set_client */;
/*!50503 SET character_set_client = utf8mb4 */;
CREATE TABLE `booking` (
  `id` int NOT NULL AUTO_INCREMENT,
  `hall_id` int NOT NULL,
  `user_id` int NOT NULL,
  `date_time_in` datetime NOT NULL,
  `date_time_out` datetime NOT NULL,
  `total_price` decimal(10,2) NOT NULL,
  `is_canceled` tinyint(1) NOT NULL DEFAULT '0',
  PRIMARY KEY (`id`),
  KEY `hall_id` (`hall_id`),
  KEY `user_id` (`user_id`),
  CONSTRAINT `booking_ibfk_1` FOREIGN KEY (`hall_id`) REFERENCES `hall` (`id`),
  CONSTRAINT `booking_ibfk_2` FOREIGN KEY (`user_id`) REFERENCES `user` (`id`)
) ENGINE=InnoDB DEFAULT CHARSET=utf8mb4 COLLATE=utf8mb4_0900_ai_ci;
/*!40101 SET character_set_client = @saved_cs_client */;

--
-- Dumping data for table `booking`
--

LOCK TABLES `booking` WRITE;
/*!40000 ALTER TABLE `booking` DISABLE KEYS */;
/*!40000 ALTER TABLE `booking` ENABLE KEYS */;
UNLOCK TABLES;

--
-- Table structure for table `building`
--

DROP TABLE IF EXISTS `building`;
/*!40101 SET @saved_cs_client     = @@character_set_client */;
/*!50503 SET character_set_client = utf8mb4 */;
CREATE TABLE `building` (
  `id` int NOT NULL AUTO_INCREMENT,
  `name` varchar(100) NOT NULL,
  `address_id` int NOT NULL,
  PRIMARY KEY (`id`),
  KEY `address_id` (`address_id`),
  CONSTRAINT `building_ibfk_1` FOREIGN KEY (`address_id`) REFERENCES `address` (`id`)
) ENGINE=InnoDB AUTO_INCREMENT=4 DEFAULT CHARSET=utf8mb4 COLLATE=utf8mb4_0900_ai_ci;
/*!40101 SET character_set_client = @saved_cs_client */;

--
-- Dumping data for table `building`
--

LOCK TABLES `building` WRITE;
/*!40000 ALTER TABLE `building` DISABLE KEYS */;
INSERT INTO `building` VALUES (1,'Complexe Sportif de Charleroi',3),(2,'Tenis Club Charleroi',4),(3,'Swich Factory Bruxelles',5);
/*!40000 ALTER TABLE `building` ENABLE KEYS */;
UNLOCK TABLES;

--
-- Table structure for table `category`
--

DROP TABLE IF EXISTS `category`;
/*!40101 SET @saved_cs_client     = @@character_set_client */;
/*!50503 SET character_set_client = utf8mb4 */;
CREATE TABLE `category` (
  `id` int NOT NULL AUTO_INCREMENT,
  `name` varchar(100) NOT NULL,
  PRIMARY KEY (`id`)
) ENGINE=InnoDB AUTO_INCREMENT=5 DEFAULT CHARSET=utf8mb4 COLLATE=utf8mb4_0900_ai_ci;
/*!40101 SET character_set_client = @saved_cs_client */;

--
-- Dumping data for table `category`
--

LOCK TABLES `category` WRITE;
/*!40000 ALTER TABLE `category` DISABLE KEYS */;
INSERT INTO `category` VALUES (1,'tenis'),(2,'basketball'),(3,'football'),(4,'futsal');
/*!40000 ALTER TABLE `category` ENABLE KEYS */;
UNLOCK TABLES;

--
-- Table structure for table `city`
--

DROP TABLE IF EXISTS `city`;
/*!40101 SET @saved_cs_client     = @@character_set_client */;
/*!50503 SET character_set_client = utf8mb4 */;
CREATE TABLE `city` (
  `id` int NOT NULL AUTO_INCREMENT,
  `country_id` int NOT NULL,
  `name` varchar(100) NOT NULL,
  `postal_code` varchar(10) NOT NULL,
  PRIMARY KEY (`id`),
  KEY `country_id` (`country_id`),
  CONSTRAINT `city_ibfk_1` FOREIGN KEY (`country_id`) REFERENCES `country` (`id`)
) ENGINE=InnoDB AUTO_INCREMENT=2758 DEFAULT CHARSET=utf8mb4 COLLATE=utf8mb4_0900_ai_ci;
/*!40101 SET character_set_client = @saved_cs_client */;

--
-- Dumping data for table `city`
--

LOCK TABLES `city` WRITE;
/*!40000 ALTER TABLE `city` DISABLE KEYS */;
INSERT INTO `city` VALUES (1,1,'Laeken','1020'),(2,1,'Molenbeek-Saint-Jean','1080'),(3,1,'Berchem-Sainte-Agathe','1082'),(4,1,'Ganshoren','1083'),(5,1,'Neder-Over-Heembeek','1120'),(6,1,'Beauvechain','1320'),(7,1,'Hamme-Mille','1320'),(8,1,'Longueville','1325'),(9,1,'Ottignies','1340'),(10,1,'Enines','1350'),(11,1,'Jauche','1350'),(12,1,'Orp-Le-Grand','1350'),(13,1,'Malèves-Sainte-Marie-Wastines','1360'),(14,1,'Ramillies','1367'),(15,1,'Jodoigne-Souveraine','1370'),(16,1,'Piétrain','1370'),(17,1,'Lasne-Chapelle-Saint-Lambert','1380'),(18,1,'Maransart','1380'),(19,1,'Ohain','1380'),(20,1,'Bossut-Gottechain','1390'),(21,1,'Waterloo','1410'),(22,1,'Braine-L\'alleud','1420'),(23,1,'Rebecq','1430'),(24,1,'Braine-Le-Château','1440'),(25,1,'Cortil-Noirmont','1450'),(26,1,'Gentinnes','1450'),(27,1,'Walhain','1457'),(28,1,'Saintes','1480'),(29,1,'Sart-Dames-Avelines','1495'),(30,1,'Tollembeek','1570'),(31,1,'Dworp','1653'),(32,1,'Huizingen','1654'),(33,1,'Elingen','1671'),(34,1,'Schepdaal','1703'),(35,1,'Sint-Martens-Lennik','1750'),(36,1,'Oetingen','1755'),(37,1,'Merchtem','1785'),(38,1,'Diegem','1831'),(39,1,'Londerzeel','1840'),(40,1,'Humbeek','1851'),(41,1,'Beigem','1852'),(42,1,'Ramsdonk','1880'),(43,1,'Zemst','1980'),(44,1,'Weerde','1982'),(45,1,'Antwerpen','2040'),(46,1,'Antwerpen','2050'),(47,1,'Antwerpen','2060'),(48,1,'Burcht','2070'),(49,1,'Zwijndrecht','2070'),(50,1,'Wijnegem','2110'),(51,1,'Wommelgem','2160'),(52,1,'Pulle','2243'),(53,1,'Olen','2250'),(54,1,'Lille','2275'),(55,1,'Bouwel','2288'),(56,1,'Hoogstraten','2320'),(57,1,'Arendonk','2370'),(58,1,'Retie','2470'),(59,1,'Dessel','2480'),(60,1,'Olmen','2491'),(61,1,'Hove','2540'),(62,1,'Lint','2547'),(63,1,'Waarloos','2550'),(64,1,'Kessel','2560'),(65,1,'Nijlen','2560'),(66,1,'Aartselaar','2630'),(67,1,'Mortsel','2640'),(68,1,'Heindonk','2830'),(69,1,'Boom','2850'),(70,1,'Liezele','2870'),(71,1,'Bornem','2880'),(72,1,'Mariekerke','2880'),(73,1,'Oppuurs','2890'),(74,1,'Essen','2910'),(75,1,'Zoersel','2980'),(76,1,'Heverlee','3001'),(77,1,'Sint-Agatha-Rode','3040'),(78,1,'Kortenberg','3070'),(79,1,'Duisburg','3080'),(80,1,'Overijse','3090'),(81,1,'Baal','3128'),(82,1,'Betekom','3130'),(83,1,'Wespelaar','3150'),(84,1,'Holsbeek','3220'),(85,1,'Nieuwrode','3221'),(86,1,'Scherpenheuvel','3270'),(87,1,'Deurne','3290'),(88,1,'Kaggevinne','3293'),(89,1,'Sint-Margriete-Houtem','3300'),(90,1,'Neerhespen','3350'),(91,1,'Neerlinter','3350'),(92,1,'Orsmaal-Gussenhoven','3350'),(93,1,'Wommersom','3350'),(94,1,'Neervelp','3370'),(95,1,'Willebringen','3370'),(96,1,'Tielt','3390'),(97,1,'Laar','3400'),(98,1,'Landen','3400'),(99,1,'Budingen','3440'),(100,1,'Spalbeek','3510'),(101,1,'Stevoort','3512'),(102,1,'Zolder','3550'),(103,1,'Gellik','3620'),(104,1,'Vucht','3630'),(105,1,'Boorsem','3631'),(106,1,'Dilsen-Stokkem','3650'),(107,1,'Elen','3650'),(108,1,'Lanklaar','3650'),(109,1,'Opglabbeek','3660'),(110,1,'Niel-Bij-As','3668'),(111,1,'Neeroeteren','3680'),(112,1,'Kolmont','3700'),(113,1,'Vliermaalroot','3721'),(114,1,'Wintershoven','3722'),(115,1,'Schalkhoven','3732'),(116,1,'Genoelselderen','3770'),(117,1,'Herderen','3770'),(118,1,'Vlijtingen','3770'),(119,1,'Vroenhoven','3770'),(120,1,'Zichen-Zussen-Bolder','3770'),(121,1,'Fouron-Saint-Pierre','3792'),(122,1,'Aalst','3800'),(123,1,'Ordingen','3800'),(124,1,'Sint-Truiden','3800'),(125,1,'Groot-Loon','3840'),(126,1,'Hoepertingen','3840'),(127,1,'Binderveld','3850'),(128,1,'Bovelingen','3870'),(129,1,'Heks','3870'),(130,1,'Boekhout','3890'),(131,1,'Gingelom','3890'),(132,1,'Montenaken','3890'),(133,1,'Niel-Bij-Sint-Truiden','3890'),(134,1,'Muizen','3891'),(135,1,'Lommel','3920'),(136,1,'Hamont-Achel','3930'),(137,1,'Reppel','3950'),(138,1,'Gerdingen','3960'),(139,1,'Opitter','3960'),(140,1,'Tongerlo','3960'),(141,1,'Heppen','3971'),(142,1,'Kleine-Brogel','3990'),(143,1,'Rocourt','4000'),(144,1,'Liège','4020'),(145,1,'Milmort','4041'),(146,1,'Esneux','4130'),(147,1,'Sprimont','4140'),(148,1,'Anthisnes','4160'),(149,1,'Tavier','4163'),(150,1,'Comblain-La-Tour','4180'),(151,1,'Hamoir','4180'),(152,1,'Filot','4181'),(153,1,'Ferrières','4190'),(154,1,'Werbomont','4190'),(155,1,'Burdinne','4210'),(156,1,'Lamontzée','4210'),(157,1,'Oteppe','4210'),(158,1,'Tourinne','4263'),(159,1,'Bertrée','4280'),(160,1,'Grand-Hallet','4280'),(161,1,'Hannut','4280'),(162,1,'Bovenistier','4300'),(163,1,'Grand-Axhe','4300'),(164,1,'Oleye','4300'),(165,1,'Donceel','4357'),(166,1,'Bergilers','4360'),(167,1,'Grandville','4360'),(168,1,'Odeur','4367'),(169,1,'Awirs','4400'),(170,1,'Chokier','4400'),(171,1,'Flémalle','4400'),(172,1,'Ivoz-Ramet','4400'),(173,1,'Tilleur','4420'),(174,1,'Fexhe-Slins','4458'),(175,1,'Huccorgne','4520'),(176,1,'Fize-Fontaine','4530'),(177,1,'Vieux-Waleffe','4530'),(178,1,'Nandrin','4550'),(179,1,'Fraiture','4557'),(180,1,'Clavier','4560'),(181,1,'Lanaye','4600'),(182,1,'Argenteau','4601'),(183,1,'Saint-André','4606'),(184,1,'Neufchâteau','4608'),(185,1,'Magnée','4623'),(186,1,'Romsée','4624'),(187,1,'Micheroux','4630'),(188,1,'Chaineux','4650'),(189,1,'Julémont','4650'),(190,1,'Xhendelesse','4652'),(191,1,'Bolland','4653'),(192,1,'Barchon','4671'),(193,1,'Hermalle-Sous-Argenteau','4681'),(194,1,'Houtain-Saint-Siméon','4682'),(195,1,'Vivegnis','4683'),(196,1,'Bassenge','4690'),(197,1,'Neu-Moresnet','4721'),(198,1,'Bullange','4760'),(199,1,'Amblève','4770'),(200,1,'Saint-Vith','4780'),(201,1,'Lommersweiler','4783'),(202,1,'Ensival','4800'),(203,1,'Polleur','4800'),(204,1,'Verviers','4800'),(205,1,'Pepinster','4860'),(206,1,'Olne','4877'),(207,1,'Clermont','4890'),(208,1,'Harzé','4920'),(209,1,'Louveigné','4920'),(210,1,'Sourbrodt','4950'),(211,1,'Francorchamps','4970'),(212,1,'La Gleize','4987'),(213,1,'Rahier','4987'),(214,1,'Namur','5000'),(215,1,'Bouge','5004'),(216,1,'Gembloux','5030'),(217,1,'Bothey','5032'),(218,1,'Corroy-Le-Château','5032'),(219,1,'Isnes','5032'),(220,1,'Moignelée','5060'),(221,1,'Vitrival','5070'),(222,1,'La Bruyère','5080'),(223,1,'Naninne','5100'),(224,1,'Wierde','5100'),(225,1,'Floreffe','5150'),(226,1,'Franière','5150'),(227,1,'Lesve','5170'),(228,1,'Ham-Sur-Sambre','5190'),(229,1,'Spy','5190'),(230,1,'Thon','5300'),(231,1,'Boneffe','5310'),(232,1,'Saint-Germain','5310'),(233,1,'Waret-La-Chaussée','5310'),(234,1,'Goesnes','5353'),(235,1,'Schaltin','5364'),(236,1,'Verlée','5370'),(237,1,'Hingeon','5380'),(238,1,'Noville-Les-Bois','5380'),(239,1,'Bouvignes-Sur-Meuse','5500'),(240,1,'Dinant','5500'),(241,1,'Falmignoul','5500'),(242,1,'Furfooz','5500'),(243,1,'Mont','5530'),(244,1,'Hastière','5540'),(245,1,'Blaimont','5542'),(246,1,'Heer','5543'),(247,1,'Agimont','5544'),(248,1,'Nafraiture','5550'),(249,1,'Bellefontaine','5555'),(250,1,'Graide','5555'),(251,1,'Houyet','5560'),(252,1,'Custinne','5562'),(253,1,'Hour','5563'),(254,1,'Dion','5570'),(255,1,'Wancennes','5570'),(256,1,'Louette-Saint-Pierre','5575'),(257,1,'Malvoisin','5575'),(258,1,'Patignies','5575'),(259,1,'Buissonville','5580'),(260,1,'Haversin','5590'),(261,1,'Serinchamps','5590'),(262,1,'Sart-En-Fagne','5600'),(263,1,'Villers-Le-Gambon','5600'),(264,1,'Flavion','5620'),(265,1,'Morville','5620'),(266,1,'Hanzinne','5621'),(267,1,'Morialmé','5621'),(268,1,'Silenrieux','5630'),(269,1,'Villers-Deux-Eglises','5630'),(270,1,'Furnaux','5641'),(271,1,'Castillon','5650'),(272,1,'Fraire','5650'),(273,1,'Walcourt','5650'),(274,1,'Berzée','5651'),(275,1,'Rognée','5651'),(276,1,'Somzée','5651'),(277,1,'Thy-Le-Château','5651'),(278,1,'Brûly','5660'),(279,1,'Couvin','5660'),(280,1,'Cul-Des-Sarts','5660'),(281,1,'Frasnes','5660'),(282,1,'Gonrieux','5660'),(283,1,'Petigny','5660'),(284,1,'Nismes','5670'),(285,1,'Gimnée','5680'),(286,1,'Niverlée','5680'),(287,1,'Charleroi','6000'),(288,1,'Mont-Sur-Marchienne','6032'),(289,1,'Ransart','6043'),(290,1,'Cour-Sur-Heure','6120'),(291,1,'Fontaine-L\'evêque','6140'),(292,1,'Gouy-Lez-Piéton','6181'),(293,1,'Souvret','6182'),(294,1,'Rèves','6210'),(295,1,'Fleurus','6220'),(296,1,'Brye','6222'),(297,1,'Obaix','6230'),(298,1,'Acoz','6280'),(299,1,'Loverval','6280'),(300,1,'Robechies','6460'),(301,1,'Virelles','6461'),(302,1,'Grandrieu','6470'),(303,1,'Sivry','6470'),(304,1,'Barbençon','6500'),(305,1,'Thirimont','6500'),(306,1,'Lobbes','6540'),(307,1,'Merbes-Sainte-Marie','6567'),(308,1,'Momignies','6590'),(309,1,'Wardin','6600'),(310,1,'Hompré','6640'),(311,1,'Houffalize','6660'),(312,1,'Beho','6672'),(313,1,'Cherain','6673'),(314,1,'Montleban','6674'),(315,1,'Anlier','6721'),(316,1,'Signeulx','6750'),(317,1,'Bleid','6760'),(318,1,'Ethe','6760'),(319,1,'Harnoncourt','6767'),(320,1,'Lamorteau','6767'),(321,1,'Robelmont','6769'),(322,1,'Halanzy','6792'),(323,1,'Remagne','6800'),(324,1,'Florenville','6820'),(325,1,'Fontenoille','6820'),(326,1,'Muno','6820'),(327,1,'Bouillon','6830'),(328,1,'Rochehaut','6830'),(329,1,'Vivy','6833'),(330,1,'Paliseul','6850'),(331,1,'Assenois','6860'),(332,1,'Ebly','6860'),(333,1,'Mirwart','6870'),(334,1,'Vesqueville','6870'),(335,1,'Anloy','6890'),(336,1,'Transinne','6890'),(337,1,'Durbuy','6940'),(338,1,'Wéris','6940'),(339,1,'Bomal-Sur-Ourthe','6941'),(340,1,'Izier','6941'),(341,1,'Ambly','6953'),(342,1,'Ortho','6983'),(343,1,'Hampteau','6990'),(344,1,'Hotton','6990'),(345,1,'Erezée','6997'),(346,1,'Havre','7021'),(347,1,'Nouvelles','7022'),(348,1,'Ciply','7024'),(349,1,'Obourg','7034'),(350,1,'Blaregnies','7040'),(351,1,'Bougnies','7040'),(352,1,'Genly','7040'),(353,1,'Quévy','7040'),(354,1,'Masnuy-Saint-Jean','7050'),(355,1,'Casteau','7061'),(356,1,'Neufvilles','7063'),(357,1,'Gottignies','7070'),(358,1,'Ville-Sur-Haine','7070'),(359,1,'Braine-Le-Comte','7090'),(360,1,'Henripont','7090'),(361,1,'Houdeng-Goegnies','7110'),(362,1,'Estinnes-Au-Val','7120'),(363,1,'Haulchin','7120'),(364,1,'Seneffe','7180'),(365,1,'Arquennes','7181'),(366,1,'Familleureux','7181'),(367,1,'Hornu','7301'),(368,1,'Saint-Ghislain','7330'),(369,1,'Warquignies','7340'),(370,1,'Montroeul-Sur-Haine','7350'),(371,1,'Thulin','7350'),(372,1,'Wihéries','7370'),(373,1,'Quiévrain','7380'),(374,1,'Audregnies','7382'),(375,1,'Erquennes','7387'),(376,1,'Honnelles','7387'),(377,1,'Orcq','7501'),(378,1,'Marquain','7522'),(379,1,'Gaurain-Ramecroix','7530'),(380,1,'Vaulx','7536'),(381,1,'Kain','7540'),(382,1,'Péruwelz','7600'),(383,1,'Roucourt','7601'),(384,1,'Bury','7602'),(385,1,'Brunehaut','7620'),(386,1,'Maubray','7640'),(387,1,'Dottignies','7711'),(388,1,'Herseaux','7712'),(389,1,'Néchin','7730'),(390,1,'Pecq','7740'),(391,1,'Mont-De-L\'enclus','7750'),(392,1,'Orroir','7750'),(393,1,'Velaines','7760'),(394,1,'Comines-Warneton','7780'),(395,1,'Bas-Warneton','7784'),(396,1,'Ormeignies','7802'),(397,1,'Ligne','7812'),(398,1,'Isières','7822'),(399,1,'Bassilly','7830'),(400,1,'Silly','7830'),(401,1,'Enghien','7850'),(402,1,'Grandmetz','7900'),(403,1,'Thieulain','7901'),(404,1,'Anvaing','7910'),(405,1,'Moustier','7911'),(406,1,'Cambron-Casteau','7940'),(407,1,'Attre','7941'),(408,1,'Huissignies','7950'),(409,1,'Stambruges','7973'),(410,1,'Ruddervoorde','8020'),(411,1,'Ramskapelle','8301'),(412,1,'Lissewege','8380'),(413,1,'Zeebrugge','8380'),(414,1,'Vlissegem','8421'),(415,1,'Mannekensvere','8433'),(416,1,'Snaaskerke','8470'),(417,1,'Zevekote','8470'),(418,1,'Bekegem','8480'),(419,1,'Eernegem','8480'),(420,1,'Gullegem','8560'),(421,1,'Gijzelbrechtegem','8570'),(422,1,'Ingooigem','8570'),(423,1,'Waarmaarde','8581'),(424,1,'Beerst','8600'),(425,1,'Diksmuide','8600'),(426,1,'Driekapellen','8600'),(427,1,'Esen','8600'),(428,1,'Keiem','8600'),(429,1,'Lampernisse','8600'),(430,1,'Nieuwkapelle','8600'),(431,1,'Kortemark','8610'),(432,1,'Zarren','8610'),(433,1,'Nieuwpoort','8620'),(434,1,'Vinkem','8630'),(435,1,'Oostvleteren','8640'),(436,1,'Westvleteren','8640'),(437,1,'Alveringem','8690'),(438,1,'Leisele','8691'),(439,1,'Beernem','8730'),(440,1,'Oedelem','8730'),(441,1,'Wingene','8750'),(442,1,'Zwevezele','8750'),(443,1,'Desselgem','8792'),(444,1,'Rumbeke','8800'),(445,1,'Gits','8830'),(446,1,'Izegem','8870'),(447,1,'Ieper','8900'),(448,1,'Boezinge','8904'),(449,1,'Zuidschote','8904'),(450,1,'Langemark-Poelkapelle','8920'),(451,1,'Lauwe','8930'),(452,1,'Nieuwkerke','8950'),(453,1,'Wijtschate','8953'),(454,1,'Loker','8958'),(455,1,'Geluveld','8980'),(456,1,'Oostakker','9041'),(457,1,'Mendonk','9042'),(458,1,'Heusden','9070'),(459,1,'Sint-Niklaas','9100'),(460,1,'Vrasene','9120'),(461,1,'Doel','9130'),(462,1,'Elversele','9140'),(463,1,'Meerdonk','9170'),(464,1,'Sint-Pauwels','9170'),(465,1,'Moerbeke-Waas','9180'),(466,1,'Appels','9200'),(467,1,'Oudegem','9200'),(468,1,'Zele','9240'),(469,1,'Waasmunster','9250'),(470,1,'Buggenhout','9255'),(471,1,'Schellebelle','9260'),(472,1,'Lebbeke','9280'),(473,1,'Uitbergen','9290'),(474,1,'Impe','9340'),(475,1,'Nederhasselt','9400'),(476,1,'Erondegem','9420'),(477,1,'Kerksken','9451'),(478,1,'Denderleeuw','9470'),(479,1,'Welle','9473'),(480,1,'Goeferdinge','9500'),(481,1,'Ophasselt','9500'),(482,1,'Viane','9500'),(483,1,'Smeerebbe-Vloerzegem','9506'),(484,1,'Vlierzele','9520'),(485,1,'Strijpen','9620'),(486,1,'Velzeke-Ruddershove','9620'),(487,1,'Roborst','9630'),(488,1,'Sint-Blasius-Boekel','9630'),(489,1,'Sint-Maria-Latem','9630'),(490,1,'Everbeek','9660'),(491,1,'Opbrakel','9660'),(492,1,'Parike','9661'),(493,1,'Kwaremont','9690'),(494,1,'Zulzeke','9690'),(495,1,'Ooike','9700'),(496,1,'Volkegem','9700'),(497,1,'Ouwegem','9750'),(498,1,'Nokere','9771'),(499,1,'Elsegem','9790'),(500,1,'Astene','9800'),(501,1,'Sint-Martens-Leerne','9800'),(502,1,'Vinkt','9800'),(503,1,'Nazareth','9810'),(504,1,'Lemberge','9820'),(505,1,'Merelbeke','9820'),(506,1,'Schelderode','9820'),(507,1,'Hansbeke','9850'),(508,1,'Nevele','9850'),(509,1,'Vosselare','9850'),(510,1,'Baaigem','9890'),(511,1,'Knesselare','9910'),(512,1,'Kluizen','9940'),(513,1,'Waarschoot','9950'),(514,1,'Waterland-Oudeman','9988'),(515,1,'Adegem','9991'),(516,1,'Middelburg','9992'),(517,1,'Jette','1090'),(518,1,'Auderghem','1160'),(519,1,'Wavre','1300'),(520,1,'Glimes','1315'),(521,1,'Opprebais','1315'),(522,1,'Chaumont-Gistoux','1325'),(523,1,'Rosières','1331'),(524,1,'Noduwez','1350'),(525,1,'Orp-Jauche','1350'),(526,1,'Opheylissem','1357'),(527,1,'Thorembais-Les-Béguines','1360'),(528,1,'Thorembais-Saint-Trond','1360'),(529,1,'Autre-Eglise','1367'),(530,1,'Huppaye','1367'),(531,1,'Dongelberg','1370'),(532,1,'Jauchelette','1370'),(533,1,'Saint-Jean-Geest','1370'),(534,1,'Grez-Doiceau','1390'),(535,1,'Nivelles','1400'),(536,1,'Thines','1402'),(537,1,'Rebecq-Rognon','1430'),(538,1,'Wauthier-Braine','1440'),(539,1,'Loupoigne','1471'),(540,1,'Glabais','1473'),(541,1,'Oisquercq','1480'),(542,1,'Tubize','1480'),(543,1,'Marbais','1495'),(544,1,'Villers-La-Ville','1495'),(545,1,'Lembeek','1502'),(546,1,'Herne','1540'),(547,1,'Hoeilaart','1560'),(548,1,'Oudenaken','1600'),(549,1,'Ruisbroek','1601'),(550,1,'Drogenbos','1620'),(551,1,'Alsemberg','1652'),(552,1,'Bogaarden','1670'),(553,1,'Pepingen','1670'),(554,1,'Itterbeek','1701'),(555,1,'Bekkerzeel','1730'),(556,1,'Kobbegem','1730'),(557,1,'Mollem','1730'),(558,1,'Wambeek','1741'),(559,1,'Gooik','1755'),(560,1,'Pamel','1760'),(561,1,'Liedekerke','1770'),(562,1,'Peutie','1800'),(563,1,'Malderen','1840'),(564,1,'Kapelle-Op-Den-Bos','1880'),(565,1,'Nieuwenrode','1880'),(566,1,'Kraainem','1950'),(567,1,'Wezembeek-Oppem','1970'),(568,1,'Eppegem','1980'),(569,1,'Hofstade','1981'),(570,1,'Antwerpen','2000'),(571,1,'Antwerpen','2018'),(572,1,'Lillo','2040'),(573,1,'Zandvliet','2040'),(574,1,'Morkhoven','2200'),(575,1,'Noorderwijk','2200'),(576,1,'Zandhoven','2240'),(577,1,'Westerlo','2260'),(578,1,'Gierle','2275'),(579,1,'Minderhout','2322'),(580,1,'Wortel','2323'),(581,1,'Merksplas','2330'),(582,1,'Beerse','2340'),(583,1,'Vosselaar','2350'),(584,1,'Weelde','2381'),(585,1,'Baarle-Hertog','2387'),(586,1,'Mol','2400'),(587,1,'Eindhout','2430'),(588,1,'Geel','2440'),(589,1,'Kasterlee','2460'),(590,1,'Lichtaart','2460'),(591,1,'Lier','2500'),(592,1,'Kontich','2550'),(593,1,'Wilrijk','2610'),(594,1,'Edegem','2650'),(595,1,'Hoboken','2660'),(596,1,'Hombeek','2811'),(597,1,'Muizen','2812'),(598,1,'Puurs','2870'),(599,1,'Weert','2880'),(600,1,'Hoevenen','2940'),(601,1,'Stabroek','2940'),(602,1,'Kapellen','2950'),(603,1,'Sint-Job-In-\'t-Goor','2960'),(604,1,'\'s Gravenwezel','2970'),(605,1,'Schilde','2970'),(606,1,'Halle','2980'),(607,1,'Blanden','3052'),(608,1,'Korbeek-Dijle','3060'),(609,1,'Rotselaar','3110'),(610,1,'Wezemaal','3111'),(611,1,'Tremelo','3120'),(612,1,'Tildonk','3150'),(613,1,'Hever','3191'),(614,1,'Pellenberg','3212'),(615,1,'Scherpenheuvel-Zichem','3270'),(616,1,'Messelbroek','3272'),(617,1,'Diest','3290'),(618,1,'Schaffen','3290'),(619,1,'Webbekom','3290'),(620,1,'Kumtich','3300'),(621,1,'Oplinter','3300'),(622,1,'Hoegaarden','3320'),(623,1,'Lovenjoel','3360'),(624,1,'Vertrijk','3370'),(625,1,'Glabbeek','3380'),(626,1,'Attenrode','3384'),(627,1,'Houwaart','3390'),(628,1,'Meensel-Kiezegem','3391'),(629,1,'Walsbets','3401'),(630,1,'Attenhoven','3404'),(631,1,'Zoutleeuw','3440'),(632,1,'Grazen','3450'),(633,1,'Rummen','3454'),(634,1,'Kortenaken','3470'),(635,1,'Kuringen','3511'),(636,1,'Helchteren','3530'),(637,1,'Linkhout','3560'),(638,1,'Alken','3570'),(639,1,'Kinrooi','3640'),(640,1,'Rotem','3650'),(641,1,'Meeuwen','3670'),(642,1,'Opoeteren','3680'),(643,1,'\'s Herenelderen','3700'),(644,1,'Rutten','3700'),(645,1,'Herstappe','3717'),(646,1,'Grote-Spouwen','3740'),(647,1,'Mopertingen','3740'),(648,1,'Rosmeer','3740'),(649,1,'Riemst','3770'),(650,1,'Groot-Gelmen','3800'),(651,1,'Kerkom-Bij-Sint-Truiden','3800'),(652,1,'Duras','3803'),(653,1,'Wilderen','3803'),(654,1,'Herten','3831'),(655,1,'Ulbeek','3832'),(656,1,'Rijkel','3840'),(657,1,'Voort','3840'),(658,1,'Batsheers','3870'),(659,1,'Horpmaal','3870'),(660,1,'Mechelen-Bovelingen','3870'),(661,1,'Kortijs','3890'),(662,1,'Borlo','3891'),(663,1,'Buvingen','3891'),(664,1,'Mielen-Boven-Aalst','3891'),(665,1,'Achel','3930'),(666,1,'Hechtel-Eksel','3940'),(667,1,'Eksel','3941'),(668,1,'Kwaadmechelen','3945'),(669,1,'Leopoldsburg','3970'),(670,1,'Tessenderlo','3980'),(671,1,'Peer','3990'),(672,1,'Glain','4000'),(673,1,'Jupille-Sur-Meuse','4020'),(674,1,'Wandre','4020'),(675,1,'Angleur','4031'),(676,1,'Plainevaux','4122'),(677,1,'Dolembreux','4140'),(678,1,'Gomzé-Andoumont','4140'),(679,1,'Louveigné','4141'),(680,1,'My','4190'),(681,1,'Xhoris','4190'),(682,1,'Marneffe','4210'),(683,1,'Héron','4217'),(684,1,'Lavoir','4217'),(685,1,'Waret-L\'evêque','4217'),(686,1,'Couthuin','4218'),(687,1,'Acosse','4219'),(688,1,'Boëlhe','4250'),(689,1,'Geer','4250'),(690,1,'Hollogne-Sur-Geer','4250'),(691,1,'Lens-Saint-Servais','4250'),(692,1,'Berloz','4257'),(693,1,'Avennes','4260'),(694,1,'Braives','4260'),(695,1,'Ville-En-Hesbaye','4260'),(696,1,'Avin','4280'),(697,1,'Crehen','4280'),(698,1,'Trognée','4280'),(699,1,'Villers-Le-Peuplier','4280'),(700,1,'Pellaines','4287'),(701,1,'Lantremange','4300'),(702,1,'Aineffe','4317'),(703,1,'Borlez','4317'),(704,1,'Villers-L\'evêque','4340'),(705,1,'Freloux','4347'),(706,1,'Noville','4347'),(707,1,'Pousset','4350'),(708,1,'Limont','4357'),(709,1,'Lens-Sur-Geer','4360'),(710,1,'Otrange','4360'),(711,1,'Crisnée','4367'),(712,1,'Kemexhe','4367'),(713,1,'Flémalle-Grande','4400'),(714,1,'Montegnée','4420'),(715,1,'Xhendremael','4432'),(716,1,'Voroux-Lez-Liers','4451'),(717,1,'Paifve','4452'),(718,1,'Wihogne','4452'),(719,1,'Velroux','4460'),(720,1,'Clermont-Sous-Huy','4480'),(721,1,'Engis','4480'),(722,1,'Tihange','4500'),(723,1,'Bas-Oha','4520'),(724,1,'Warnant-Dreye','4530'),(725,1,'Saint-Séverin','4550'),(726,1,'Tinlot','4557'),(727,1,'Les Avins','4560'),(728,1,'Ocquier','4560'),(729,1,'Marchin','4570'),(730,1,'Vyle-Et-Tharoul','4570'),(731,1,'Modave','4577'),(732,1,'Richelle','4600'),(733,1,'Feneur','4607'),(734,1,'Bellaire','4610'),(735,1,'Beyne-Heusay','4610'),(736,1,'Soumagne','4630'),(737,1,'Tignée','4630'),(738,1,'Herve','4650'),(739,1,'Trembleur','4670'),(740,1,'Saint-Remy','4672'),(741,1,'Hermée','4680'),(742,1,'Haccourt','4684'),(743,1,'Glons','4690'),(744,1,'Roclenge-Sur-Geer','4690'),(745,1,'Kettenis','4701'),(746,1,'La Calamine','4720'),(747,1,'Hergenrath','4728'),(748,1,'Hauset','4730'),(749,1,'Heppenbach','4771'),(750,1,'Crombach','4784'),(751,1,'Reuland','4790'),(752,1,'Thommen','4791'),(753,1,'Lambermont','4800'),(754,1,'Stembert','4801'),(755,1,'Dison','4820'),(756,1,'Bilstain','4831'),(757,1,'Baelen','4837'),(758,1,'Membach','4837'),(759,1,'Cornesse','4860'),(760,1,'Forêt','4870'),(761,1,'Spa','4900'),(762,1,'Faymonville','4950'),(763,1,'Robertville','4950'),(764,1,'Fosse','4980'),(765,1,'Lorcé','4987'),(766,1,'Belgrade','5001'),(767,1,'Daussoulx','5020'),(768,1,'Vedrin','5020'),(769,1,'Boninne','5021'),(770,1,'Marche-Les-Dames','5024'),(771,1,'Ernage','5030'),(772,1,'Sauvenière','5030'),(773,1,'Grand-Leez','5031'),(774,1,'Bossière','5032'),(775,1,'Tamines','5060'),(776,1,'Warisoulx','5080'),(777,1,'Meux','5081'),(778,1,'Wépion','5100'),(779,1,'Bois-De-Villers','5170'),(780,1,'Balâtre','5190'),(781,1,'Saint-Martin','5190'),(782,1,'Sclayn','5300'),(783,1,'Aische-En-Refail','5310'),(784,1,'Eghezée','5310'),(785,1,'Longchamps','5310'),(786,1,'Taviers','5310'),(787,1,'Sart-Bernard','5330'),(788,1,'Crupet','5332'),(789,1,'Florée','5334'),(790,1,'Scy','5361'),(791,1,'Emptinne','5363'),(792,1,'Nettinne','5377'),(793,1,'Bierwart','5380'),(794,1,'Dréhance','5500'),(795,1,'Thynes','5502'),(796,1,'Foy-Notre-Dame','5504'),(797,1,'Onhaye','5520'),(798,1,'Serville','5521'),(799,1,'Weillen','5523'),(800,1,'Yvoir','5530'),(801,1,'Mouzaive','5550'),(802,1,'Monceau-En-Ardenne','5555'),(803,1,'Naomé','5555'),(804,1,'Celles','5561'),(805,1,'Felenne','5570'),(806,1,'Feschaux','5570'),(807,1,'Louette-Saint-Denis','5575'),(808,1,'Ave-Et-Auffe','5580'),(809,1,'Eprave','5580'),(810,1,'Lessive','5580'),(811,1,'Braibant','5590'),(812,1,'Ciney','5590'),(813,1,'Conneux','5590'),(814,1,'Sovet','5590'),(815,1,'Jamagne','5600'),(816,1,'Neuville','5600'),(817,1,'Omezée','5600'),(818,1,'Philippeville','5600'),(819,1,'Sautour','5600'),(820,1,'Villers-En-Fagne','5600'),(821,1,'Florennes','5620'),(822,1,'Hemptinne-Lez-Florennes','5620'),(823,1,'Saint-Aubin','5620'),(824,1,'Cerfontaine','5630'),(825,1,'Soumoy','5630'),(826,1,'Biesmerée','5640'),(827,1,'Graux','5640'),(828,1,'Oret','5640'),(829,1,'Aublain','5660'),(830,1,'Pesche','5660'),(831,1,'Dourbes','5670'),(832,1,'Mazée','5670'),(833,1,'Oignies-En-Thiérache','5670'),(834,1,'Olloy-Sur-Viroin','5670'),(835,1,'Dampremy','6020'),(836,1,'Gosselies','6041'),(837,1,'Ham-Sur-Heure','6120'),(838,1,'Leernes','6142'),(839,1,'Courcelles','6180'),(840,1,'Châtelineau','6200'),(841,1,'Wangenies','6220'),(842,1,'Wagnelée','6223'),(843,1,'Wanfercée-Baulet','6224'),(844,1,'Aiseau-Presles','6250'),(845,1,'Pont-De-Loup','6250'),(846,1,'Gerpinnes','6280'),(847,1,'Gougnies','6280'),(848,1,'Joncret','6280'),(849,1,'Villers-Poterie','6280'),(850,1,'Erpion','6441'),(851,1,'Bailièvre','6460'),(852,1,'Villers-La-Tour','6460'),(853,1,'Forges','6464'),(854,1,'Leugnies','6500'),(855,1,'Thuin','6530'),(856,1,'Biercée','6533'),(857,1,'Gozée','6534'),(858,1,'Bersillies-L\'abbaye','6560'),(859,1,'Hantes-Wihéries','6560'),(860,1,'Montignies-Saint-Christophe','6560'),(861,1,'Fontaine-Valmont','6567'),(862,1,'Macon','6591'),(863,1,'Macquenoise','6593'),(864,1,'Beauwelz','6594'),(865,1,'Bastogne','6600'),(866,1,'Martelange','6630'),(867,1,'Fauvillers','6637'),(868,1,'Hollange','6637'),(869,1,'Tintange','6637'),(870,1,'Nives','6640'),(871,1,'Sibret','6640'),(872,1,'Mont','6661'),(873,1,'Tavigny','6662'),(874,1,'Wibrin','6666'),(875,1,'Bovigny','6671'),(876,1,'Sainte-Ode','6680'),(877,1,'Vielsalm','6690'),(878,1,'Heinsch','6700'),(879,1,'Attert','6717'),(880,1,'Nothomb','6717'),(881,1,'Thiaumont','6717'),(882,1,'Habay','6720'),(883,1,'Habay-La-Neuve','6720'),(884,1,'Houdemont','6724'),(885,1,'Etalle','6740'),(886,1,'Sainte-Marie-Sur-Semois','6740'),(887,1,'Buzenol','6743'),(888,1,'Saint-Léger','6747'),(889,1,'Gérouville','6769'),(890,1,'Villers-La-Loue','6769'),(891,1,'Aubange','6790'),(892,1,'Rachecourt','6792'),(893,1,'Saint-Pierre','6800'),(894,1,'Chiny','6810'),(895,1,'Suxy','6812'),(896,1,'Chassepierre','6824'),(897,1,'Sensenruth','6832'),(898,1,'Grandvoir','6840'),(899,1,'Offagne','6850'),(900,1,'Opont','6852'),(901,1,'Léglise','6860'),(902,1,'Villance','6890'),(903,1,'Marche-En-Famenne','6900'),(904,1,'Roy','6900'),(905,1,'Bure','6927'),(906,1,'Grupont','6927'),(907,1,'Daverdisse','6929'),(908,1,'Bande','6951'),(909,1,'Harre','6960'),(910,1,'Odeigne','6960'),(911,1,'La Roche-En-Ardenne','6980'),(912,1,'Beffe','6987'),(913,1,'Hodister','6987'),(914,1,'Marcourt','6987'),(915,1,'Marenne','6990'),(916,1,'Soy','6997'),(917,1,'Ghlin','7011'),(918,1,'Jemappes','7012'),(919,1,'Maisières','7020'),(920,1,'Mesvin','7022'),(921,1,'Villers-Saint-Ghislain','7031'),(922,1,'Cuesmes','7033'),(923,1,'Trivières','7100'),(924,1,'Maurage','7110'),(925,1,'Peissant','7120'),(926,1,'Rouveroy','7120'),(927,1,'Péronnes-Lez-Binche','7134'),(928,1,'Carnières','7141'),(929,1,'Chapelle-Lez-Herlaimont','7160'),(930,1,'Piéton','7160'),(931,1,'Bellecourt','7170'),(932,1,'Ecaussinnes','7190'),(933,1,'Ecaussinnes-Lalaing','7191'),(934,1,'Pommeroeul','7322'),(935,1,'Colfontaine','7340'),(936,1,'Dour','7370'),(937,1,'Baisieux','7380'),(938,1,'Angreau','7387'),(939,1,'Fayt-Le-Franc','7387'),(940,1,'Willemeau','7506'),(941,1,'Barry','7534'),(942,1,'Wasmes-Audemez-Briffoeil','7604'),(943,1,'Hollain','7620'),(944,1,'Wez-Velvain','7620'),(945,1,'Laplaigne','7622'),(946,1,'Rongy','7623'),(947,1,'Bailleul','7730'),(948,1,'Hérinnes-Lez-Pecq','7742'),(949,1,'Molenbaix','7760'),(950,1,'Pottes','7760'),(951,1,'Houthem','7781'),(952,1,'Ath','7800'),(953,1,'Lanquesaint','7800'),(954,1,'Houtaing','7812'),(955,1,'Gondregnies','7830'),(956,1,'Graty','7830'),(957,1,'Papignies','7861'),(958,1,'Ghoy','7863'),(959,1,'Deux-Acren','7864'),(960,1,'Lombise','7870'),(961,1,'Montignies-Lez-Lens','7870'),(962,1,'Wodecq','7890'),(963,1,'Leuze-En-Hainaut','7900'),(964,1,'Chapelle-À-Wattines','7903'),(965,1,'Pipaix','7904'),(966,1,'Tourpes','7904'),(967,1,'Willaupuis','7904'),(968,1,'Forest','7910'),(969,1,'Frasnes-Lez-Anvaing','7910'),(970,1,'Frasnes-Lez-Buissenal','7911'),(971,1,'Hacquegnies','7911'),(972,1,'Dergneau','7912'),(973,1,'Saint-Sauveur','7912'),(974,1,'Brugelette','7940'),(975,1,'Thumaide','7971'),(976,1,'Brugge','8000'),(977,1,'Hertsberge','8020'),(978,1,'Waardamme','8020'),(979,1,'Loppem','8210'),(980,1,'Veldegem','8210'),(981,1,'Aartrijke','8211'),(982,1,'Knokke','8300'),(983,1,'Westkapelle','8300'),(984,1,'Assebroek','8310'),(985,1,'Sint-Kruis','8310'),(986,1,'Hoeke','8340'),(987,1,'Blankenberge','8370'),(988,1,'Uitkerke','8370'),(989,1,'Dudzele','8380'),(990,1,'Middelkerke','8430'),(991,1,'Wilskerke','8431'),(992,1,'Lombardsijde','8434'),(993,1,'Roksem','8460'),(994,1,'Moere','8470'),(995,1,'Jabbeke','8490'),(996,1,'Stalhille','8490'),(997,1,'Heule','8501'),(998,1,'Marke','8510'),(999,1,'Kuurne','8520'),(1000,1,'Vichte','8570'),(1001,1,'Kaster','8572'),(1002,1,'Avelgem','8580'),(1003,1,'Outrijve','8582'),(1004,1,'Oostkerke','8600'),(1005,1,'Vladslo','8600'),(1006,1,'Vleteren','8640'),(1007,1,'Pollinkhove','8647'),(1008,1,'Merkem','8650'),(1009,1,'Adinkerke','8660'),(1010,1,'Zande','8680'),(1011,1,'Stavele','8691'),(1012,1,'Kanegem','8700'),(1013,1,'Dentergem','8720'),(1014,1,'Pittem','8740'),(1015,1,'Meulebeke','8760'),(1016,1,'Beveren','8800'),(1017,1,'Lichtervelde','8810'),(1018,1,'Hooglede','8830'),(1019,1,'Westrozebeke','8840'),(1020,1,'Dadizele','8890'),(1021,1,'Hollebeke','8902'),(1022,1,'Vlamertinge','8908'),(1023,1,'Langemark','8920'),(1024,1,'Krombeke','8972'),(1025,1,'Proven','8972'),(1026,1,'Zandvoorde','8980'),(1027,1,'Sint-Amandsberg','9040'),(1028,1,'Gentbrugge','9050'),(1029,1,'Afsnee','9051'),(1030,1,'Sint-Denijs-Westrem','9051'),(1031,1,'Zwijnaarde','9052'),(1032,1,'Zelzate','9060'),(1033,1,'Gontrode','9090'),(1034,1,'Nieuwkerken-Waas','9100'),(1035,1,'Steendorp','9140'),(1036,1,'Eksaarde','9160'),(1037,1,'Wachtebeke','9185'),(1038,1,'Sint-Gillis-Dendermonde','9200'),(1039,1,'Hofstade','9308'),(1040,1,'Baardegem','9310'),(1041,1,'Appelterre-Eichem','9400'),(1042,1,'Ninove','9400'),(1043,1,'Okegem','9400'),(1044,1,'Aaigem','9420'),(1045,1,'Erpe-Mere','9420'),(1046,1,'Denderhoutem','9450'),(1047,1,'Waarbeke','9506'),(1048,1,'Zonnegem','9520'),(1049,1,'Sint-Antelinks','9550'),(1050,1,'Sint-Lievens-Esse','9550'),(1051,1,'Ressegem','9551'),(1052,1,'Erwetegem','9620'),(1053,1,'Godveerdegem','9620'),(1054,1,'Meilegem','9630'),(1055,1,'Munkzwalm','9630'),(1056,1,'Paulatem','9630'),(1057,1,'Nederzwalm-Hermelgem','9636'),(1058,1,'Brakel','9660'),(1059,1,'Horebeke','9667'),(1060,1,'Sint-Kornelis-Horebeke','9667'),(1061,1,'Etikhove','9680'),(1062,1,'Maarkedal','9680'),(1063,1,'Nukerke','9681'),(1064,1,'Eine','9700'),(1065,1,'Leupegem','9700'),(1066,1,'Mater','9700'),(1067,1,'Mullem','9700'),(1068,1,'Oudenaarde','9700'),(1069,1,'Wannegem-Lede','9772'),(1070,1,'Ooike','9790'),(1071,1,'Petegem-Aan-De-Schelde','9790'),(1072,1,'Wortegem-Petegem','9790'),(1073,1,'Bachte-Maria-Leerne','9800'),(1074,1,'Grammene','9800'),(1075,1,'Petegem-Aan-De-Leie','9800'),(1076,1,'Eke','9810'),(1077,1,'Bottelare','9820'),(1078,1,'De Pinte','9840'),(1079,1,'Oosterzele','9860'),(1080,1,'Lotenhulle','9880'),(1081,1,'Boekhoute','9961'),(1082,1,'Maldegem','9990'),(1083,1,'Schaerbeek','1030'),(1084,1,'Woluwe-Saint-Pierre','1150'),(1085,1,'Saint-Josse-Ten-Noode','1210'),(1086,1,'Limal','1300'),(1087,1,'Incourt','1315'),(1088,1,'Piètrebais','1315'),(1089,1,'Roux-Miroir','1315'),(1090,1,'Bonlez','1325'),(1091,1,'Corroy-Le-Grand','1325'),(1092,1,'Ottignies-Louvain-La-Neuve','1340'),(1093,1,'Folx-Les-Caves','1350'),(1094,1,'Neerheylissem','1357'),(1095,1,'Perwez','1360'),(1096,1,'Jodoigne','1370'),(1097,1,'Biez','1390'),(1098,1,'Baulers','1401'),(1099,1,'Ophain-Bois-Seigneur-Isaac','1421'),(1100,1,'Bierghes','1430'),(1101,1,'Chastre','1450'),(1102,1,'Chastre-Villeroux-Blanmont','1450'),(1103,1,'Saint-Géry','1450'),(1104,1,'Nil-Saint-Vincent-Saint-Martin','1457'),(1105,1,'Tourinnes-Saint-Lambert','1457'),(1106,1,'Haut-Ittre','1461'),(1107,1,'Baisy-Thy','1470'),(1108,1,'Ways','1474'),(1109,1,'Buizingen','1501'),(1110,1,'Biévène','1547'),(1111,1,'Linkebeek','1630'),(1112,1,'Rhode-Saint-Genèse','1640'),(1113,1,'Sint-Ulriks-Kapelle','1700'),(1114,1,'Groot-Bijgaarden','1702'),(1115,1,'Relegem','1731'),(1116,1,'Zellik','1731'),(1117,1,'Ternat','1740'),(1118,1,'Gaasbeek','1750'),(1119,1,'Lennik','1750'),(1120,1,'Wemmel','1780'),(1121,1,'Hamme','1785'),(1122,1,'Affligem','1790'),(1123,1,'Essene','1790'),(1124,1,'Teralfene','1790'),(1125,1,'Perk','1820'),(1126,1,'Meise','1860'),(1127,1,'Berg','1910'),(1128,1,'Buken','1910'),(1129,1,'Nederokkerzeel','1910'),(1130,1,'Zaventem','1930'),(1131,1,'Sint-Stevens-Woluwe','1932'),(1132,1,'Antwerpen','2020'),(1133,1,'Antwerpen','2030'),(1134,1,'Deurne','2100'),(1135,1,'Hallaar','2220'),(1136,1,'Heist-Op-Den-Berg','2220'),(1137,1,'Wiekevorst','2222'),(1138,1,'Ramsel','2230'),(1139,1,'Houtvenne','2235'),(1140,1,'Zoerle-Parwijs','2260'),(1141,1,'Grobbendonk','2280'),(1142,1,'Vorselaar','2290'),(1143,1,'Turnhout','2300'),(1144,1,'Oud-Turnhout','2360'),(1145,1,'Ravels','2380'),(1146,1,'Poppel','2382'),(1147,1,'Veerle','2431'),(1148,1,'Balen','2490'),(1149,1,'Broechem','2520'),(1150,1,'Bevel','2560'),(1151,1,'Duffel','2570'),(1152,1,'Walem','2800'),(1153,1,'Leest','2811'),(1154,1,'Rijmenam','2820'),(1155,1,'Tisselt','2830'),(1156,1,'Willebroek','2830'),(1157,1,'Ruisbroek','2870'),(1158,1,'Lippelo','2890'),(1159,1,'Brecht','2960'),(1160,1,'Wuustwezel','2990'),(1161,1,'Herent','3020'),(1162,1,'Veltem-Beisem','3020'),(1163,1,'Huldenberg','3040'),(1164,1,'Sint-Joris-Weert','3051'),(1165,1,'Haasrode','3053'),(1166,1,'Bertem','3060'),(1167,1,'Tervuren','3080'),(1168,1,'Vossem','3080'),(1169,1,'Keerbergen','3140'),(1170,1,'Haacht','3150'),(1171,1,'Lubbeek','3210'),(1172,1,'Binkom','3211'),(1173,1,'Kortrijk-Dutsel','3220'),(1174,1,'Sint-Pieters-Rode','3220'),(1175,1,'Testelt','3272'),(1176,1,'Hakendover','3300'),(1177,1,'Oorbeek','3300'),(1178,1,'Tienen','3300'),(1179,1,'Vissenaken','3300'),(1180,1,'Drieslinter','3350'),(1181,1,'Melkwezer','3350'),(1182,1,'Overhespen','3350'),(1183,1,'Roosbeek','3370'),(1184,1,'Overwinden','3400'),(1185,1,'Walshoutem','3401'),(1186,1,'Wezeren','3401'),(1187,1,'Dormaal','3440'),(1188,1,'Geetbets','3450'),(1189,1,'Molenbeek-Wersbeek','3461'),(1190,1,'Sint-Margriete-Houtem','3470'),(1191,1,'Hoeleden','3471'),(1192,1,'Waanrode','3473'),(1193,1,'Sint-Lambrechts-Herk','3500'),(1194,1,'Stokrooie','3511'),(1195,1,'Houthalen-Helchteren','3530'),(1196,1,'Berbroek','3540'),(1197,1,'Herk-De-Stad','3540'),(1198,1,'Halen','3545'),(1199,1,'Heusden','3550'),(1200,1,'Heusden-Zolder','3550'),(1201,1,'Lummen','3560'),(1202,1,'Beverlo','3581'),(1203,1,'Paal','3583'),(1204,1,'Diepenbeek','3590'),(1205,1,'Veldwezelt','3620'),(1206,1,'Mechelen-Aan-De-Maas','3630'),(1207,1,'Opgrimbie','3630'),(1208,1,'Uikhoven','3631'),(1209,1,'Kessenich','3640'),(1210,1,'Dilsen','3650'),(1211,1,'Gruitrode','3670'),(1212,1,'Meeuwen-Gruitrode','3670'),(1213,1,'Neerglabbeek','3670'),(1214,1,'Diets-Heur','3700'),(1215,1,'Neerrepen','3700'),(1216,1,'Overrepen','3700'),(1217,1,'Tongeren','3700'),(1218,1,'Vreren','3700'),(1219,1,'Guigoven','3723'),(1220,1,'Hoeselt','3730'),(1221,1,'Romershoven','3730'),(1222,1,'Werm','3730'),(1223,1,'Munsterbilzen','3740'),(1224,1,'Martenslinde','3742'),(1225,1,'Hoelbeek','3746'),(1226,1,'Fourons','3790'),(1227,1,'Fouron-Le-Comte','3798'),(1228,1,'Brustem','3800'),(1229,1,'Zepperen','3800'),(1230,1,'Velm','3806'),(1231,1,'Wellen','3830'),(1232,1,'Bommershoven','3840'),(1233,1,'Borgloon','3840'),(1234,1,'Jesseren','3840'),(1235,1,'Kerniel','3840'),(1236,1,'Kolmont','3840'),(1237,1,'Nieuwerkerken','3850'),(1238,1,'Mettekoven','3870'),(1239,1,'Opheers','3870'),(1240,1,'Vorsen','3890'),(1241,1,'Overpelt','3900'),(1242,1,'Ham','3945'),(1243,1,'Beek','3960'),(1244,1,'Bree','3960'),(1245,1,'Grote-Brogel','3990'),(1246,1,'Wijchmaal','3990'),(1247,1,'Bressoux','4020'),(1248,1,'Herstal','4040'),(1249,1,'Vottem','4041'),(1250,1,'Vaux-Sous-Chèvremont','4051'),(1251,1,'Embourg','4053'),(1252,1,'Ehein','4120'),(1253,1,'Rotheux-Rimière','4120'),(1254,1,'Hannêche','4210'),(1255,1,'Ambresin','4219'),(1256,1,'Omal','4252'),(1257,1,'Fallais','4260'),(1258,1,'Fumal','4260'),(1259,1,'Moxhe','4280'),(1260,1,'Petit-Hallet','4280'),(1261,1,'Thisnes','4280'),(1262,1,'Lincent','4287'),(1263,1,'Bettincourt','4300'),(1264,1,'Bleret','4300'),(1265,1,'Waremme','4300'),(1266,1,'Celles','4317'),(1267,1,'Faimes','4317'),(1268,1,'Les Waleffes','4317'),(1269,1,'Awans','4340'),(1270,1,'Hognoul','4342'),(1271,1,'Jeneffe','4357'),(1272,1,'Thys','4367'),(1273,1,'Villers-Saint-Siméon','4453'),(1274,1,'Bierset','4460'),(1275,1,'Hollogne-Aux-Pierres','4460'),(1276,1,'Saint-Georges-Sur-Meuse','4470'),(1277,1,'Hermalle-Sous-Huy','4480'),(1278,1,'Ben-Ahin','4500'),(1279,1,'Huy','4500'),(1280,1,'Vinalmont','4520'),(1281,1,'Vaux-Et-Borset','4530'),(1282,1,'Amay','4540'),(1283,1,'Ombret','4540'),(1284,1,'Soheit-Tinlot','4557'),(1285,1,'Terwagne','4560'),(1286,1,'Outrelouxhe','4577'),(1287,1,'Strée-Lez-Huy','4577'),(1288,1,'Ellemelle','4590'),(1289,1,'Warzée','4590'),(1290,1,'Lixhe','4600'),(1291,1,'Mortroux','4607'),(1292,1,'Queue-Du-Bois','4610'),(1293,1,'Fléron','4620'),(1294,1,'Ayeneux','4630'),(1295,1,'Evegnée','4631'),(1296,1,'Charneux','4654'),(1297,1,'Mortier','4670'),(1298,1,'Housse','4671'),(1299,1,'Oupeye','4680'),(1300,1,'Heusy','4802'),(1301,1,'Limbourg','4830'),(1302,1,'Goé','4834'),(1303,1,'Sart-Lez-Spa','4845'),(1304,1,'Plombières','4850'),(1305,1,'Sippenaeken','4851'),(1306,1,'Hombourg','4852'),(1307,1,'Fraipont','4870'),(1308,1,'Trooz','4870'),(1309,1,'Thimister','4890'),(1310,1,'Aywaille','4920'),(1311,1,'Ernonheid','4920'),(1312,1,'Waimes','4950'),(1313,1,'Malmedy','4960'),(1314,1,'Trois-Ponts','4980'),(1315,1,'Chevron','4987'),(1316,1,'Bra','4990'),(1317,1,'Beez','5000'),(1318,1,'Saint-Servais','5002'),(1319,1,'Champion','5020'),(1320,1,'Suarlée','5020'),(1321,1,'Temploux','5020'),(1322,1,'Cognelée','5022'),(1323,1,'Beuzet','5030'),(1324,1,'Grand-Manil','5030'),(1325,1,'Auvelais','5060'),(1326,1,'Velaine-Sur-Sambre','5060'),(1327,1,'Fosses-La-Ville','5070'),(1328,1,'Sart-Eustache','5070'),(1329,1,'Villers-Lez-Heest','5080'),(1330,1,'Erpent','5101'),(1331,1,'Loyers','5101'),(1332,1,'Boignée','5140'),(1333,1,'Lustin','5170'),(1334,1,'Profondeville','5170'),(1335,1,'Mornimont','5190'),(1336,1,'Landenne','5300'),(1337,1,'Branchon','5310'),(1338,1,'Hanret','5310'),(1339,1,'Leuze','5310'),(1340,1,'Noville-Sur-Méhaigne','5310'),(1341,1,'Sorinne-La-Longue','5333'),(1342,1,'Faulx-Les-Tombes','5340'),(1343,1,'Mozet','5340'),(1344,1,'Evelette','5350'),(1345,1,'Haillot','5351'),(1346,1,'Natoye','5360'),(1347,1,'Achet','5362'),(1348,1,'Flostoy','5370'),(1349,1,'Maffe','5374'),(1350,1,'Bonsin','5377'),(1351,1,'Heure','5377'),(1352,1,'Hogne','5377'),(1353,1,'Noiseux','5377'),(1354,1,'Fernelmont','5380'),(1355,1,'Forville','5380'),(1356,1,'Marchovelette','5380'),(1357,1,'Anthée','5520'),(1358,1,'Sommière','5523'),(1359,1,'Dorinne','5530'),(1360,1,'Evrehailles','5530'),(1361,1,'Anhée','5537'),(1362,1,'Hermeton-Sur-Meuse','5540'),(1363,1,'Alle','5550'),(1364,1,'Bohan','5550'),(1365,1,'Laforet','5550'),(1366,1,'Sugny','5550'),(1367,1,'Gros-Fays','5555'),(1368,1,'Petit-Fays','5555'),(1369,1,'Mesnil-Eglise','5560'),(1370,1,'Baronville','5570'),(1371,1,'Beauraing','5570'),(1372,1,'Vonêche','5570'),(1373,1,'Winenne','5570'),(1374,1,'Pondrôme','5574'),(1375,1,'Bourseigne-Neuve','5575'),(1376,1,'Houdremont','5575'),(1377,1,'Rienne','5575'),(1378,1,'Willerzie','5575'),(1379,1,'Han-Sur-Lesse','5580'),(1380,1,'Jemelle','5580'),(1381,1,'Rochefort','5580'),(1382,1,'Wavreille','5580'),(1383,1,'Fagnolle','5600'),(1384,1,'Jamiolle','5600'),(1385,1,'Romedenne','5600'),(1386,1,'Corenne','5620'),(1387,1,'Hanzinelle','5621'),(1388,1,'Ermeton-Sur-Biert','5644'),(1389,1,'Chastrès','5650'),(1390,1,'Clermont','5650'),(1391,1,'Pry','5650'),(1392,1,'Laneffe','5651'),(1393,1,'Brûly-De-Pesche','5660'),(1394,1,'Petite-Chapelle','5660'),(1395,1,'Le Mesnil','5670'),(1396,1,'Gochenée','5680'),(1397,1,'Matagne-La-Grande','5680'),(1398,1,'Vodelée','5680'),(1399,1,'Marchienne-Au-Pont','6030'),(1400,1,'Jumet','6040'),(1401,1,'Lodelinsart','6042'),(1402,1,'Roux','6044'),(1403,1,'Gilly','6060'),(1404,1,'Landelies','6111'),(1405,1,'Jamioulx','6120'),(1406,1,'Bouffioulx','6200'),(1407,1,'Wayaux','6210'),(1408,1,'Heppignies','6220'),(1409,1,'Thiméon','6230'),(1410,1,'Viesville','6230'),(1411,1,'Luttre','6238'),(1412,1,'Pironchamps','6240'),(1413,1,'Presles','6250'),(1414,1,'Roselies','6250'),(1415,1,'Chimay','6460'),(1416,1,'Baileux','6464'),(1417,1,'Sivry-Rance','6470'),(1418,1,'Solre-Saint-Géry','6500'),(1419,1,'Leers-Et-Fosteau','6530'),(1420,1,'Biesme-Sous-Thuin','6531'),(1421,1,'Bienne-Lez-Happart','6543'),(1422,1,'Erquelinnes','6560'),(1423,1,'Grand-Reng','6560'),(1424,1,'Solre-Sur-Sambre','6560'),(1425,1,'Juseret','6642'),(1426,1,'Mabompré','6663'),(1427,1,'Limerlé','6670'),(1428,1,'Lavacherie','6681'),(1429,1,'Longchamps','6688'),(1430,1,'Toernich','6700'),(1431,1,'Saint-Vincent','6730'),(1432,1,'Vance','6741'),(1433,1,'Châtillon','6747'),(1434,1,'Sommethonne','6769'),(1435,1,'Wolkrange','6780'),(1436,1,'Sélange','6781'),(1437,1,'Habergy','6782'),(1438,1,'Athus','6791'),(1439,1,'Sainte-Marie-Chevigny','6800'),(1440,1,'Les Bulles','6811'),(1441,1,'Villers-Devant-Orval','6823'),(1442,1,'Dohan','6836'),(1443,1,'Grapfontaine','6840'),(1444,1,'Longlier','6840'),(1445,1,'Tournay','6840'),(1446,1,'Bertrix','6880'),(1447,1,'Cugnon','6880'),(1448,1,'Orgeo','6880'),(1449,1,'Herbeumont','6887'),(1450,1,'Ochamps','6890'),(1451,1,'Hargimont','6900'),(1452,1,'Sohier','6920'),(1453,1,'Wellin','6920'),(1454,1,'Lomprez','6924'),(1455,1,'Gembes','6929'),(1456,1,'Haut-Fays','6929'),(1457,1,'Grandhan','6940'),(1458,1,'Septon','6940'),(1459,1,'Borlon','6941'),(1460,1,'Harsin','6950'),(1461,1,'Lesterny','6953'),(1462,1,'Grandmenil','6960'),(1463,1,'Malempré','6960'),(1464,1,'Manhay','6960'),(1465,1,'Tenneville','6970'),(1466,1,'Erneuville','6972'),(1467,1,'Hives','6984'),(1468,1,'Rendeux','6987'),(1469,1,'Fronville','6990'),(1470,1,'Amonines','6997'),(1471,1,'Mons','7000'),(1472,1,'Saint-Symphorien','7030'),(1473,1,'Havay','7041'),(1474,1,'Erbisoeul','7050'),(1475,1,'Jurbise','7050'),(1476,1,'Masnuy-Saint-Pierre','7050'),(1477,1,'Soignies','7060'),(1478,1,'Eugies','7080'),(1479,1,'Noirchain','7080'),(1480,1,'Hennuyères','7090'),(1481,1,'Petit-Roeulx-Lez-Braine','7090'),(1482,1,'Ronquières','7090'),(1483,1,'Haine-Saint-Paul','7100'),(1484,1,'Boussoit','7110'),(1485,1,'Strépy-Bracquegnies','7110'),(1486,1,'Croix-Lez-Rouveroy','7120'),(1487,1,'Fauroeulx','7120'),(1488,1,'Vellereille-Les-Brayeux','7120'),(1489,1,'Binche','7130'),(1490,1,'Waudrez','7131'),(1491,1,'Buvrinnes','7133'),(1492,1,'Leval-Trahegnies','7134'),(1493,1,'Ressaix','7134'),(1494,1,'Morlanwelz-Mariemont','7140'),(1495,1,'Bois-D\'haine','7170'),(1496,1,'Petit-Roeulx-Lez-Nivelles','7181'),(1497,1,'Ecaussinnes-D\'enghien','7190'),(1498,1,'Marche-Lez-Ecaussinnes','7190'),(1499,1,'Bernissart','7320'),(1500,1,'Baudour','7331'),(1501,1,'Sirault','7332'),(1502,1,'Tertre','7333'),(1503,1,'Paturages','7340'),(1504,1,'Hainin','7350'),(1505,1,'Autreppe','7387'),(1506,1,'Wasmuel','7390'),(1507,1,'Ere','7500'),(1508,1,'Saint-Maur','7500'),(1509,1,'Esplechin','7502'),(1510,1,'Lamain','7522'),(1511,1,'Beclers','7532'),(1512,1,'Rumillies','7540'),(1513,1,'Mourcourt','7543'),(1514,1,'Warchin','7548'),(1515,1,'Wiers','7608'),(1516,1,'Rumes','7610'),(1517,1,'Taintignies','7618'),(1518,1,'Jollain-Merlin','7620'),(1519,1,'Howardries','7624'),(1520,1,'Warcoing','7740'),(1521,1,'Esquelmes','7743'),(1522,1,'Obigies','7743'),(1523,1,'Anseroeul','7750'),(1524,1,'Celles','7760'),(1525,1,'Comines','7780'),(1526,1,'Warneton','7784'),(1527,1,'Irchonwelz','7801'),(1528,1,'Bouvignies','7803'),(1529,1,'Arbre','7811'),(1530,1,'Villers-Notre-Dame','7812'),(1531,1,'Ghislenghien','7822'),(1532,1,'Hellebecq','7830'),(1533,1,'Hoves','7830'),(1534,1,'Thoricourt','7830'),(1535,1,'Petit-Enghien','7850'),(1536,1,'Bois-De-Lessines','7866'),(1537,1,'Bauffe','7870'),(1538,1,'Flobecq','7880'),(1539,1,'Ellezelles','7890'),(1540,1,'Lahamaide','7890'),(1541,1,'Arc-Wattripont','7910'),(1542,1,'Wattripont','7910'),(1543,1,'Buissenal','7911'),(1544,1,'Montroeul-Au-Bois','7911'),(1545,1,'Chièvres','7950'),(1546,1,'Beloeil','7970'),(1547,1,'Aubechies','7972'),(1548,1,'Koolkerke','8000'),(1549,1,'Sint-Andries','8200'),(1550,1,'Zedelgem','8210'),(1551,1,'Meetkerke','8377'),(1552,1,'Zuienkerke','8377'),(1553,1,'Klemskerke','8420'),(1554,1,'Sint-Pieters-Kapelle','8433'),(1555,1,'Slijpe','8433'),(1556,1,'Gistel','8470'),(1557,1,'Snellegem','8490'),(1558,1,'Kortrijk','8500'),(1559,1,'Bissegem','8501'),(1560,1,'Harelbeke','8530'),(1561,1,'Hulste','8531'),(1562,1,'Moen','8552'),(1563,1,'Sint-Denijs','8554'),(1564,1,'Kerkhove','8581'),(1565,1,'Bossuit','8583'),(1566,1,'Espierres','8587'),(1567,1,'Helchin','8587'),(1568,1,'Kaaskerke','8600'),(1569,1,'Leke','8600'),(1570,1,'Oudekapelle','8600'),(1571,1,'Woumen','8600'),(1572,1,'Avekapelle','8630'),(1573,1,'Bulskamp','8630'),(1574,1,'Houtem','8630'),(1575,1,'Steenkerke','8630'),(1576,1,'Veurne','8630'),(1577,1,'Lo','8647'),(1578,1,'Reninge','8647'),(1579,1,'Oostduinkerke','8670'),(1580,1,'Wulpen','8670'),(1581,1,'Hoogstade','8690'),(1582,1,'Oeren','8690'),(1583,1,'Sint-Rijkers','8690'),(1584,1,'Schuiferskapelle','8700'),(1585,1,'Ooigem','8710'),(1586,1,'Oeselgem','8720'),(1587,1,'Ingelmunster','8770'),(1588,1,'Waregem','8790'),(1589,1,'Oekene','8800'),(1590,1,'Torhout','8820'),(1591,1,'Staden','8840'),(1592,1,'Ardooie','8850'),(1593,1,'Ledegem','8880'),(1594,1,'Brielen','8900'),(1595,1,'Dikkebus','8900'),(1596,1,'Zillebeke','8902'),(1597,1,'Elverdinge','8906'),(1598,1,'Bikschote','8920'),(1599,1,'Poelkapelle','8920'),(1600,1,'Menen','8930'),(1601,1,'Poperinge','8970'),(1602,1,'Gent','9000'),(1603,1,'Mariakerke','9030'),(1604,1,'Ledeberg','9050'),(1605,1,'Melle','9090'),(1606,1,'Kallo','9120'),(1607,1,'Kallo','9130'),(1608,1,'Kieldrecht','9130'),(1609,1,'Verrebroek','9130'),(1610,1,'Temse','9140'),(1611,1,'Tielrode','9140'),(1612,1,'Kemzeke','9190'),(1613,1,'Dendermonde','9200'),(1614,1,'Mespelare','9200'),(1615,1,'Schoonaarde','9200'),(1616,1,'Massemen','9230'),(1617,1,'Serskamp','9260'),(1618,1,'Wichelen','9260'),(1619,1,'Laarne','9270'),(1620,1,'Wieze','9280'),(1621,1,'Gijzegem','9308'),(1622,1,'Herdersem','9310'),(1623,1,'Moorsel','9310'),(1624,1,'Nieuwerkerken','9320'),(1625,1,'Lede','9340'),(1626,1,'Oordegem','9340'),(1627,1,'Wanzele','9340'),(1628,1,'Lieferinge','9400'),(1629,1,'Pollare','9401'),(1630,1,'Neigem','9403'),(1631,1,'Burst','9420'),(1632,1,'Erpe','9420'),(1633,1,'Haaltert','9450'),(1634,1,'Heldergem','9450'),(1635,1,'Iddergem','9472'),(1636,1,'Nederboelare','9500'),(1637,1,'Overboelare','9500'),(1638,1,'Grimminge','9506'),(1639,1,'Schendelbeke','9506'),(1640,1,'Bavegem','9520'),(1641,1,'Herzele','9550'),(1642,1,'Lierde','9570'),(1643,1,'Sint-Maria-Lierde','9570'),(1644,1,'Sint-Martens-Lierde','9572'),(1645,1,'Renaix','9600'),(1646,1,'Grotenberge','9620'),(1647,1,'Sint-Goriks-Oudenhove','9620'),(1648,1,'Beerlegem','9630'),(1649,1,'Dikkele','9630'),(1650,1,'Rozebeke','9630'),(1651,1,'Michelbeke','9660'),(1652,1,'Nederbrakel','9660'),(1653,1,'Kluisbergen','9690'),(1654,1,'Nederename','9700'),(1655,1,'Zingem','9750'),(1656,1,'Kruishoutem','9770'),(1657,1,'Wortegem','9790'),(1658,1,'Zeveren','9800'),(1659,1,'Sint-Martens-Latem','9830'),(1660,1,'Zevergem','9840'),(1661,1,'Landegem','9850'),(1662,1,'Balegem','9860'),(1663,1,'Landskouter','9860'),(1664,1,'Scheldewindeke','9860'),(1665,1,'Olsene','9870'),(1666,1,'Zulte','9870'),(1667,1,'Gavere','9890'),(1668,1,'Oostwinkel','9931'),(1669,1,'Assenede','9960'),(1670,1,'Oosteeklo','9968'),(1671,1,'Bruxelles','1000'),(1672,1,'Ixelles','1050'),(1673,1,'Anderlecht','1070'),(1674,1,'Watermael-Boitsfort','1170'),(1675,1,'Uccle','1180'),(1676,1,'Woluwe-Saint-Lambert','1200'),(1677,1,'Bierges','1301'),(1678,1,'La Hulpe','1310'),(1679,1,'L\'ecluse','1320'),(1680,1,'Tourinnes-La-Grosse','1320'),(1681,1,'Louvain-La-Neuve','1348'),(1682,1,'Jandrain-Jandrenouille','1350'),(1683,1,'Orbais','1360'),(1684,1,'Bomal','1367'),(1685,1,'Gérompont','1367'),(1686,1,'Mont-Saint-André','1367'),(1687,1,'Lathuy','1370'),(1688,1,'Zétrud-Lumay','1370'),(1689,1,'Lasne','1380'),(1690,1,'Archennes','1390'),(1691,1,'Monstreux','1400'),(1692,1,'Lillois-Witterzée','1428'),(1693,1,'Quenast','1430'),(1694,1,'Corbais','1435'),(1695,1,'Hévillers','1435'),(1696,1,'Mont-Saint-Guibert','1435'),(1697,1,'Walhain-Saint-Paul','1457'),(1698,1,'Ittre','1460'),(1699,1,'Virginal-Samme','1460'),(1700,1,'Bousval','1470'),(1701,1,'Houtain-Le-Val','1476'),(1702,1,'Clabecq','1480'),(1703,1,'Court-Saint-Etienne','1490'),(1704,1,'Mellery','1495'),(1705,1,'Tilly','1495'),(1706,1,'Halle','1500'),(1707,1,'Herfelingen','1540'),(1708,1,'Vollezele','1570'),(1709,1,'Sint-Laureins-Berchem','1600'),(1710,1,'Sint-Pieters-Leeuw','1600'),(1711,1,'Vlezenbeek','1602'),(1712,1,'Beersel','1650'),(1713,1,'Lot','1651'),(1714,1,'Heikruis','1670'),(1715,1,'Bellingen','1674'),(1716,1,'Asse','1730'),(1717,1,'Sint-Katherina-Lombeek','1742'),(1718,1,'Mazenzele','1745'),(1719,1,'Sint-Kwintens-Lennik','1750'),(1720,1,'Kester','1755'),(1721,1,'Roosdaal','1760'),(1722,1,'Strijtem','1760'),(1723,1,'Brussegem','1785'),(1724,1,'Hekelgem','1790'),(1725,1,'Vilvoorde','1800'),(1726,1,'Strombeek-Bever','1853'),(1727,1,'Nossegem','1930'),(1728,1,'Berendrecht','2040'),(1729,1,'Borsbeek','2150'),(1730,1,'Merksem','2170'),(1731,1,'Ekeren','2180'),(1732,1,'Herentals','2200'),(1733,1,'Schriek','2223'),(1734,1,'Westmeerbeek','2235'),(1735,1,'Massenhoven','2240'),(1736,1,'Viersel','2240'),(1737,1,'Oevel','2260'),(1738,1,'Wechelderzande','2275'),(1739,1,'Rijkevorsel','2310'),(1740,1,'Vlimmeren','2340'),(1741,1,'Laakdal','2430'),(1742,1,'Vorst','2430'),(1743,1,'Varendonk','2431'),(1744,1,'Tielen','2460'),(1745,1,'Koningshooikt','2500'),(1746,1,'Oelegem','2520'),(1747,1,'Berlaar','2590'),(1748,1,'Hemiksem','2620'),(1749,1,'Mechelen','2800'),(1750,1,'Heffen','2801'),(1751,1,'Reet','2840'),(1752,1,'Niel','2845'),(1753,1,'Breendonk','2870'),(1754,1,'Kalmthout','2920'),(1755,1,'Brasschaat','2930'),(1756,1,'Sint-Lenaarts','2960'),(1757,1,'Loenhout','2990'),(1758,1,'Leuven','3000'),(1759,1,'Kessel Lo','3010'),(1760,1,'Loonbeek','3040'),(1761,1,'Oud-Heverlee','3050'),(1762,1,'Leefdaal','3061'),(1763,1,'Erps-Kwerps','3071'),(1764,1,'Meerbeek','3078'),(1765,1,'Werchter','3118'),(1766,1,'Aarschot','3200'),(1767,1,'Rillaar','3202'),(1768,1,'Linden','3210'),(1769,1,'Averbode','3271'),(1770,1,'Bost','3300'),(1771,1,'Goetsenhoven','3300'),(1772,1,'Meldert','3320'),(1773,1,'Outgaarden','3321'),(1774,1,'Bierbeek','3360'),(1775,1,'Bunsbeek','3380'),(1776,1,'Kapellen','3381'),(1777,1,'Sint-Joris-Winge','3390'),(1778,1,'Tielt-Winge','3390'),(1779,1,'Eliksem','3400'),(1780,1,'Rumsdorp','3400'),(1781,1,'Wange','3400'),(1782,1,'Waasmont','3401'),(1783,1,'Neerlanden','3404'),(1784,1,'Halle-Booienhoven','3440'),(1785,1,'Helen-Bos','3440'),(1786,1,'Assent','3460'),(1787,1,'Bekkevoort','3460'),(1788,1,'Kersbeek-Miskom','3472'),(1789,1,'Wimmertingen','3501'),(1790,1,'Zonhoven','3520'),(1791,1,'Houthalen','3530'),(1792,1,'Schulen','3540'),(1793,1,'Loksbergen','3545'),(1794,1,'Zelem','3545'),(1795,1,'Meldert','3560'),(1796,1,'Beringen','3580'),(1797,1,'Neerharen','3620'),(1798,1,'Eisden','3630'),(1799,1,'Leut','3630'),(1800,1,'Maasmechelen','3630'),(1801,1,'Meeswijk','3630'),(1802,1,'Molenbeersel','3640'),(1803,1,'As','3665'),(1804,1,'Berg','3700'),(1805,1,'Widooie','3700'),(1806,1,'Vliermaal','3724'),(1807,1,'Eigenbilzen','3740'),(1808,1,'Rijkhoven','3740'),(1809,1,'Kanne','3770'),(1810,1,'Membruggen','3770'),(1811,1,'Teuven','3793'),(1812,1,'Halmaal','3800'),(1813,1,'Berlingen','3830'),(1814,1,'Haren','3840'),(1815,1,'Kozen','3850'),(1816,1,'Wijer','3850'),(1817,1,'Rukkelingen-Loon','3870'),(1818,1,'Vechmaal','3870'),(1819,1,'Neerpelt','3910'),(1820,1,'Sint-Huibrechts-Lille','3910'),(1821,1,'Liège','4000'),(1822,1,'Grivegnee','4030'),(1823,1,'Chaudfontaine','4050'),(1824,1,'Ougrée','4102'),(1825,1,'Neuville-En-Condroz','4121'),(1826,1,'Tilff','4130'),(1827,1,'Rouvreux','4140'),(1828,1,'Comblain-Au-Pont','4170'),(1829,1,'Vieuxville','4190'),(1830,1,'Meeffe','4219'),(1831,1,'Wasseiges','4219'),(1832,1,'Darion','4253'),(1833,1,'Ligney','4254'),(1834,1,'Blehen','4280'),(1835,1,'Cras-Avernas','4280'),(1836,1,'Wansin','4280'),(1837,1,'Viemme','4317'),(1838,1,'Fexhe-Le-Haut-Clocher','4347'),(1839,1,'Hodeige','4351'),(1840,1,'Oreye','4360'),(1841,1,'Mons-Lez-Liège','4400'),(1842,1,'Ans','4430'),(1843,1,'Loncin','4431'),(1844,1,'Juprelle','4450'),(1845,1,'Grâce-Berleur','4460'),(1846,1,'Ehein','4480'),(1847,1,'Moha','4520'),(1848,1,'Wanze','4520'),(1849,1,'Villers-Le-Bouillet','4530'),(1850,1,'Bodegnée','4537'),(1851,1,'Chapon-Seraing','4537'),(1852,1,'Seraing-Le-Château','4537'),(1853,1,'Jehay','4540'),(1854,1,'Abée','4557'),(1855,1,'Ramelot','4557'),(1856,1,'Bois-Et-Borsu','4560'),(1857,1,'Pailhe','4560'),(1858,1,'Ouffet','4590'),(1859,1,'Bombaye','4607'),(1860,1,'Warsage','4608'),(1861,1,'Cérexhe-Heuseux','4632'),(1862,1,'Grand-Rechain','4650'),(1863,1,'Blégny','4670'),(1864,1,'Saive','4671'),(1865,1,'Heure-Le-Romain','4682'),(1866,1,'Eben-Emael','4690'),(1867,1,'Elsenborn','4750'),(1868,1,'Rocherath','4761'),(1869,1,'Burg-Reuland','4790'),(1870,1,'Petit-Rechain','4800'),(1871,1,'Welkenraedt','4840'),(1872,1,'Henri-Chapelle','4841'),(1873,1,'Jalhay','4845'),(1874,1,'Montzen','4850'),(1875,1,'Moresnet','4850'),(1876,1,'Aubel','4880'),(1877,1,'Thimister-Clermont','4890'),(1878,1,'Theux','4910'),(1879,1,'Stavelot','4970'),(1880,1,'Stoumont','4987'),(1881,1,'Arbrefontaine','4990'),(1882,1,'Lierneux','4990'),(1883,1,'Saint-Marc','5003'),(1884,1,'Flawinne','5020'),(1885,1,'Malonne','5020'),(1886,1,'Gelbressée','5024'),(1887,1,'Mazy','5032'),(1888,1,'Arsimont','5060'),(1889,1,'Sambreville','5060'),(1890,1,'Sart-Saint-Laurent','5070'),(1891,1,'Dave','5100'),(1892,1,'Sombreffe','5140'),(1893,1,'Tongrinne','5140'),(1894,1,'Floriffoux','5150'),(1895,1,'Soye','5150'),(1896,1,'Rivière','5170'),(1897,1,'Jemeppe-Sur-Sambre','5190'),(1898,1,'Onoz','5190'),(1899,1,'Andenne','5300'),(1900,1,'Bonneville','5300'),(1901,1,'Coutisse','5300'),(1902,1,'Bolinne','5310'),(1903,1,'Upigny','5310'),(1904,1,'Courrière','5336'),(1905,1,'Sorée','5340'),(1906,1,'Jallet','5354'),(1907,1,'Barvaux-Condroz','5370'),(1908,1,'Porcheresse','5370'),(1909,1,'Méan','5372'),(1910,1,'Sinsin','5377'),(1911,1,'Tillier','5380'),(1912,1,'Anseremme','5500'),(1913,1,'Falmagne','5500'),(1914,1,'Lisogne','5501'),(1915,1,'Gerin','5524'),(1916,1,'Durnal','5530'),(1917,1,'Godinne','5530'),(1918,1,'Houx','5530'),(1919,1,'Purnode','5530'),(1920,1,'Denée','5537'),(1921,1,'Haut-Le-Wastia','5537'),(1922,1,'Warnant','5537'),(1923,1,'Hastière-Par-Delà','5541'),(1924,1,'Chairière','5550'),(1925,1,'Pussemange','5550'),(1926,1,'Vresse-Sur-Semois','5550'),(1927,1,'Oizy','5555'),(1928,1,'Wiesme','5571'),(1929,1,'Focant','5572'),(1930,1,'Bourseigne-Vieille','5575'),(1931,1,'Gedinne','5575'),(1932,1,'Mont-Gauthier','5580'),(1933,1,'Chevetogne','5590'),(1934,1,'Pessoux','5590'),(1935,1,'Vodecée','5600'),(1936,1,'Rosée','5620'),(1937,1,'Senzeille','5630'),(1938,1,'Mettet','5640'),(1939,1,'Saint-Gérard','5640'),(1940,1,'Stave','5646'),(1941,1,'Fontenelle','5650'),(1942,1,'Vogenée','5650'),(1943,1,'Yves-Gomezée','5650'),(1944,1,'Tarcienne','5651'),(1945,1,'Boussu-En-Fagne','5660'),(1946,1,'Dailly','5660'),(1947,1,'Mariembourg','5660'),(1948,1,'Presgaux','5660'),(1949,1,'Treignes','5670'),(1950,1,'Soulme','5680'),(1951,1,'Marcinelle','6001'),(1952,1,'Couillet','6010'),(1953,1,'Goutroux','6030'),(1954,1,'Montignies-Sur-Sambre','6061'),(1955,1,'Montigny-Le-Tilleul','6110'),(1956,1,'Forchies-La-Marche','6141'),(1957,1,'Châtelet','6200'),(1958,1,'Frasnes-Lez-Gosselies','6210'),(1959,1,'Lambusart','6220'),(1960,1,'Vergnies','6440'),(1961,1,'Saint-Remy','6460'),(1962,1,'Lompret','6463'),(1963,1,'Bourlers','6464'),(1964,1,'Rièzes','6464'),(1965,1,'Rance','6470'),(1966,1,'Leval-Chaudeville','6500'),(1967,1,'Renlies','6500'),(1968,1,'Strée','6511'),(1969,1,'Donstiennes','6536'),(1970,1,'Mont-Sainte-Geneviève','6540'),(1971,1,'Monceau-Imbrechies','6592'),(1972,1,'Noville','6600'),(1973,1,'Vaux-Lez-Rosières','6640'),(1974,1,'Vaux-Sur-Sûre','6640'),(1975,1,'Tailles','6661'),(1976,1,'Gouvy','6670'),(1977,1,'Amberloup','6680'),(1978,1,'Tillet','6680'),(1979,1,'Flamierge','6686'),(1980,1,'Bihain','6690'),(1981,1,'Guirsch','6704'),(1982,1,'Nobressart','6717'),(1983,1,'Hachy','6720'),(1984,1,'Habay-La-Vieille','6723'),(1985,1,'Bellefontaine','6730'),(1986,1,'Villers-Sur-Semois','6740'),(1987,1,'Meix-Le-Tige','6747'),(1988,1,'Latour','6761'),(1989,1,'Saint-Mard','6762'),(1990,1,'Dampicourt','6767'),(1991,1,'Rouvroy','6767'),(1992,1,'Torgny','6767'),(1993,1,'Meix-Devant-Virton','6769'),(1994,1,'Freux','6800'),(1995,1,'Libramont-Chevigny','6800'),(1996,1,'Jamoigne','6810'),(1997,1,'Termes','6813'),(1998,1,'Lacuisine','6821'),(1999,1,'Les Hayons','6830'),(2000,1,'Poupehan','6830'),(2001,1,'Ucimont','6833'),(2002,1,'Bellevaux','6834'),(2003,1,'Corbion','6838'),(2004,1,'Hamipré','6840'),(2005,1,'Carlsbourg','6850'),(2006,1,'Nollevaux','6851'),(2007,1,'Maissin','6852'),(2008,1,'Framont','6853'),(2009,1,'Mellier','6860'),(2010,1,'Arville','6870'),(2011,1,'Awenne','6870'),(2012,1,'Hatrival','6870'),(2013,1,'Jehonville','6880'),(2014,1,'Saint-Médard','6887'),(2015,1,'Straimont','6887'),(2016,1,'Libin','6890'),(2017,1,'Smuid','6890'),(2018,1,'Aye','6900'),(2019,1,'Humain','6900'),(2020,1,'Chanly','6921'),(2021,1,'Halma','6922'),(2022,1,'Tellin','6927'),(2023,1,'Heyd','6941'),(2024,1,'Nassogne','6950'),(2025,1,'Grune','6952'),(2026,1,'Masbourg','6953'),(2027,1,'Vaux-Chavanne','6960'),(2028,1,'Champlon','6971'),(2029,1,'Beausaint','6980'),(2030,1,'Samrée','6982'),(2031,1,'Mormont','6997'),(2032,1,'Flénu','7012'),(2033,1,'Harveng','7022'),(2034,1,'Hyon','7022'),(2035,1,'Asquillies','7040'),(2036,1,'Erbaut','7050'),(2037,1,'Herchies','7050'),(2038,1,'Thieusies','7061'),(2039,1,'Chaussée-Notre-Dame-Louvignies','7063'),(2040,1,'Thieu','7070'),(2041,1,'Frameries','7080'),(2042,1,'Steenkerque','7090'),(2043,1,'Estinnes-Au-Mont','7120'),(2044,1,'Bray','7130'),(2045,1,'Mont-Sainte-Aldegonde','7141'),(2046,1,'La Hestre','7170'),(2047,1,'Manage','7170'),(2048,1,'Boussu','7300'),(2049,1,'Blaton','7321'),(2050,1,'Ville-Pommeroeul','7322'),(2051,1,'Villerot','7334'),(2052,1,'Wasmes','7340'),(2053,1,'Blaugies','7370'),(2054,1,'Angre','7387'),(2055,1,'Athis','7387'),(2056,1,'Onnezies','7387'),(2057,1,'Quaregnon','7390'),(2058,1,'Tournai','7500'),(2059,1,'Froyennes','7503'),(2060,1,'Froidmont','7504'),(2061,1,'Hertain','7522'),(2062,1,'Mont-Saint-Aubert','7542'),(2063,1,'Baugnies','7604'),(2064,1,'Braffe','7604'),(2065,1,'Callenelle','7604'),(2066,1,'La Glanerie','7611'),(2067,1,'Guignies','7620'),(2068,1,'Bruyelle','7641'),(2069,1,'Fontenoy','7643'),(2070,1,'Luingne','7700'),(2071,1,'Estaimbourg','7730'),(2072,1,'Saint-Léger','7730'),(2073,1,'Popuelles','7760'),(2074,1,'Bizet','7783'),(2075,1,'Ostiches','7804'),(2076,1,'Rebaix','7804'),(2077,1,'Maffle','7810'),(2078,1,'Villers-Saint-Amand','7812'),(2079,1,'Wannebecq','7861'),(2080,1,'Ollignies','7866'),(2081,1,'Lens','7870'),(2082,1,'Blicquy','7903'),(2083,1,'Cordes','7910'),(2084,1,'Oeudeghien','7911'),(2085,1,'Mévergnies-Lez-Lens','7942'),(2086,1,'Basècles','7971'),(2087,1,'Ramegnies','7971'),(2088,1,'Wadelincourt','7971'),(2089,1,'Grandglise','7973'),(2090,1,'Oostkamp','8020'),(2091,1,'Sint-Michiels','8200'),(2092,1,'Knokke-Heist','8300'),(2093,1,'Lapscheure','8340'),(2094,1,'Moerkerke','8340'),(2095,1,'Nieuwmunster','8377'),(2096,1,'Oostende','8400'),(2097,1,'Zandvoorde','8400'),(2098,1,'De Haan','8420'),(2099,1,'Wenduine','8420'),(2100,1,'Leffinge','8432'),(2101,1,'Schore','8433'),(2102,1,'Westende','8434'),(2103,1,'Oudenburg','8460'),(2104,1,'Varsenare','8490'),(2105,1,'Bellegem','8510'),(2106,1,'Kooigem','8510'),(2107,1,'Rollegem','8510'),(2108,1,'Zwevegem','8550'),(2109,1,'Heestert','8551'),(2110,1,'Moorsele','8560'),(2111,1,'Anzegem','8570'),(2112,1,'Espierres-Helchin','8587'),(2113,1,'Pervijze','8600'),(2114,1,'Stuivekenskerke','8600'),(2115,1,'Werken','8610'),(2116,1,'Ramskapelle','8620'),(2117,1,'Sint-Joris','8620'),(2118,1,'Booitshoeke','8630'),(2119,1,'De Moeren','8630'),(2120,1,'Wulveringem','8630'),(2121,1,'Zoutenaaie','8630'),(2122,1,'Woesten','8640'),(2123,1,'Lo-Reninge','8647'),(2124,1,'Houthulst','8650'),(2125,1,'Klerken','8650'),(2126,1,'Koksijde','8670'),(2127,1,'Aarsele','8700'),(2128,1,'Wakken','8720'),(2129,1,'Egem','8740'),(2130,1,'Ruiselede','8755'),(2131,1,'Sint-Eloois-Vijve','8793'),(2132,1,'Kachtem','8870'),(2133,1,'Rollegem-Kapelle','8880'),(2134,1,'Sint-Eloois-Winkel','8880'),(2135,1,'Voormezele','8902'),(2136,1,'Rekkem','8930'),(2137,1,'Geluwe','8940'),(2138,1,'Dranouter','8951'),(2139,1,'Westouter','8954'),(2140,1,'Kemmel','8956'),(2141,1,'Messines','8957'),(2142,1,'Roesbrugge-Haringe','8972'),(2143,1,'Watou','8978'),(2144,1,'Beselare','8980'),(2145,1,'Zonnebeke','8980'),(2146,1,'Drongen','9031'),(2147,1,'Desteldonk','9042'),(2148,1,'Sint-Kruis-Winkel','9042'),(2149,1,'Destelbergen','9070'),(2150,1,'Beervelde','9080'),(2151,1,'Zaffelare','9080'),(2152,1,'Melsele','9120'),(2153,1,'Kruibeke','9150'),(2154,1,'Daknam','9160'),(2155,1,'De Klinge','9170'),(2156,1,'Sint-Gillis-Waas','9170'),(2157,1,'Stekene','9190'),(2158,1,'Grembergen','9200'),(2159,1,'Hamme','9220'),(2160,1,'Westrem','9230'),(2161,1,'Wetteren','9230'),(2162,1,'Kalken','9270'),(2163,1,'Aalst','9300'),(2164,1,'Erembodegem','9320'),(2165,1,'Voorde','9400'),(2166,1,'Meerbeke','9402'),(2167,1,'Aspelare','9404'),(2168,1,'Outer','9406'),(2169,1,'Mere','9420'),(2170,1,'Ottergem','9420'),(2171,1,'Geraardsbergen','9500'),(2172,1,'Idegem','9506'),(2173,1,'Steenhuize-Wijnhuize','9550'),(2174,1,'Woubrechtegem','9550'),(2175,1,'Deftinge','9570'),(2176,1,'Hemelveerdegem','9571'),(2177,1,'Elene','9620'),(2178,1,'Sint-Maria-Oudenhove','9620'),(2179,1,'Zottegem','9620'),(2180,1,'Hundelgem','9630'),(2181,1,'Sint-Denijs-Boekel','9630'),(2182,1,'Zwalm','9630'),(2183,1,'Sint-Maria-Oudenhove','9660'),(2184,1,'Maarke-Kerkem','9680'),(2185,1,'Edelare','9700'),(2186,1,'Heurne','9700'),(2187,1,'Melden','9700'),(2188,1,'Welden','9700'),(2189,1,'Huise','9750'),(2190,1,'Moregem','9790'),(2191,1,'Meigem','9800'),(2192,1,'Deurle','9831'),(2193,1,'Merendree','9850'),(2194,1,'Poesele','9850'),(2195,1,'Bellem','9881'),(2196,1,'Dikkelvenne','9890'),(2197,1,'Vurste','9890'),(2198,1,'Ursel','9910'),(2199,1,'Ertvelde','9940'),(2200,1,'Evergem','9940'),(2201,1,'Kaprijke','9970'),(2202,1,'Sint-Jan-In-Eremo','9982'),(2203,1,'Etterbeek','1040'),(2204,1,'Saint-Gilles','1060'),(2205,1,'Koekelberg','1081'),(2206,1,'Haren','1130'),(2207,1,'Evere','1140'),(2208,1,'Forest','1190'),(2209,1,'Nodebais','1320'),(2210,1,'Dion-Valmont','1325'),(2211,1,'Rixensart','1330'),(2212,1,'Genval','1332'),(2213,1,'Céroux-Mousty','1341'),(2214,1,'Limelette','1342'),(2215,1,'Marilles','1350'),(2216,1,'Hélécine','1357'),(2217,1,'Linsmeau','1357'),(2218,1,'Grand-Rosière-Hottomont','1367'),(2219,1,'Mélin','1370'),(2220,1,'Saint-Remy-Geest','1370'),(2221,1,'Couture-Saint-Germain','1380'),(2222,1,'Plancenoit','1380'),(2223,1,'Nethen','1390'),(2224,1,'Bornival','1404'),(2225,1,'Genappe','1470'),(2226,1,'Vieux-Genappe','1472'),(2227,1,'Sint-Pieters-Kapelle','1541'),(2228,1,'Galmaarden','1570'),(2229,1,'Beert','1673'),(2230,1,'Dilbeek','1700'),(2231,1,'Sint-Martens-Bodegem','1700'),(2232,1,'Opwijk','1745'),(2233,1,'Leerbeek','1755'),(2234,1,'Onze-Lieve-Vrouw-Lombeek','1760'),(2235,1,'Borchtlombeek','1761'),(2236,1,'Melsbroek','1820'),(2237,1,'Steenokkerzeel','1820'),(2238,1,'Machelen','1830'),(2239,1,'Steenhuffel','1840'),(2240,1,'Grimbergen','1850'),(2241,1,'Wolvertem','1861'),(2242,1,'Kampenhout','1910'),(2243,1,'Sterrebeek','1933'),(2244,1,'Elewijt','1982'),(2245,1,'Borgerhout','2140'),(2246,1,'Booischot','2221'),(2247,1,'Itegem','2222'),(2248,1,'Herselt','2230'),(2249,1,'Hulshout','2235'),(2250,1,'Pulderbos','2242'),(2251,1,'Tongerlo','2260'),(2252,1,'Herenthout','2270'),(2253,1,'Poederlee','2275'),(2254,1,'Meer','2321'),(2255,1,'Meerle','2328'),(2256,1,'Malle','2390'),(2257,1,'Oostmalle','2390'),(2258,1,'Westmalle','2390'),(2259,1,'Meerhout','2450'),(2260,1,'Emblem','2520'),(2261,1,'Ranst','2520'),(2262,1,'Boechout','2530'),(2263,1,'Vremde','2531'),(2264,1,'Beerzel','2580'),(2265,1,'Putte','2580'),(2266,1,'Gestel','2590'),(2267,1,'Berchem','2600'),(2268,1,'Schelle','2627'),(2269,1,'Bonheiden','2820'),(2270,1,'Blaasveld','2830'),(2271,1,'Rumst','2840'),(2272,1,'Terhagen','2840'),(2273,1,'Sint-Katelijne-Waver','2860'),(2274,1,'Onze-Lieve-Vrouw-Waver','2861'),(2275,1,'Hingene','2880'),(2276,1,'Sint-Amands','2890'),(2277,1,'Schoten','2900'),(2278,1,'Wilsele','3012'),(2279,1,'Wijgmaal','3018'),(2280,1,'Winksele','3020'),(2281,1,'Neerijse','3040'),(2282,1,'Ottenburg','3040'),(2283,1,'Vaalbeek','3054'),(2284,1,'Everberg','3078'),(2285,1,'Begijnendijk','3130'),(2286,1,'Boortmeerbeek','3190'),(2287,1,'Gelrode','3200'),(2288,1,'Langdorp','3201'),(2289,1,'Zichem','3271'),(2290,1,'Molenstede','3294'),(2291,1,'Linter','3350'),(2292,1,'Korbeek-Lo','3360'),(2293,1,'Opvelp','3360'),(2294,1,'Boutersem','3370'),(2295,1,'Kerkom','3370'),(2296,1,'Ezemaal','3400'),(2297,1,'Neerwinden','3400'),(2298,1,'Ransberg','3470'),(2299,1,'Hasselt','3500'),(2300,1,'Kermt','3510'),(2301,1,'Donk','3540'),(2302,1,'Koersel','3582'),(2303,1,'Genk','3600'),(2304,1,'Lanaken','3620'),(2305,1,'Rekem','3621'),(2306,1,'Ophoven','3640'),(2307,1,'Stokkem','3650'),(2308,1,'Ellikom','3670'),(2309,1,'Wijshagen','3670'),(2310,1,'Maaseik','3680'),(2311,1,'Zutendaal','3690'),(2312,1,'Haren','3700'),(2313,1,'Henis','3700'),(2314,1,'Koninksem','3700'),(2315,1,'Lauw','3700'),(2316,1,'Mal','3700'),(2317,1,'Nerem','3700'),(2318,1,'Piringen','3700'),(2319,1,'Riksingen','3700'),(2320,1,'Sluizen','3700'),(2321,1,'Kortessem','3720'),(2322,1,'Sint-Huibrechts-Hern','3730'),(2323,1,'Beverst','3740'),(2324,1,'Bilzen','3740'),(2325,1,'Hees','3740'),(2326,1,'Kleine-Spouwen','3740'),(2327,1,'Waltwilder','3740'),(2328,1,'Millen','3770'),(2329,1,'Val-Meer','3770'),(2330,1,'Fouron-Saint-Martin','3790'),(2331,1,'Mouland','3790'),(2332,1,'Remersdaal','3791'),(2333,1,'Engelmanshoven','3800'),(2334,1,'Gelinden','3800'),(2335,1,'Gorsem','3803'),(2336,1,'Runkelen','3803'),(2337,1,'Broekom','3840'),(2338,1,'Gors-Opleeuw','3840'),(2339,1,'Gotem','3840'),(2340,1,'Hendrieken','3840'),(2341,1,'Kuttekoven','3840'),(2342,1,'Heers','3870'),(2343,1,'Klein-Gelmen','3870'),(2344,1,'Veulen','3870'),(2345,1,'Jeuk','3890'),(2346,1,'Hamont','3930'),(2347,1,'Hechtel','3940'),(2348,1,'Oostham','3945'),(2349,1,'Bocholt','3950'),(2350,1,'Kaulille','3950'),(2351,1,'Chênee','4032'),(2352,1,'Liers','4042'),(2353,1,'Beaufays','4052'),(2354,1,'Boncelles','4100'),(2355,1,'Seraing','4100'),(2356,1,'Jemeppe-Sur-Meuse','4101'),(2357,1,'Neupré','4120'),(2358,1,'Villers-Aux-Tours','4161'),(2359,1,'Hody','4162'),(2360,1,'Poulseur','4171'),(2361,1,'Comblain-Fairon','4180'),(2362,1,'Corswarem','4257'),(2363,1,'Ciplet','4260'),(2364,1,'Latinne','4261'),(2365,1,'Abolens','4280'),(2366,1,'Avernas-Le-Bauduin','4280'),(2367,1,'Lens-Saint-Remy','4280'),(2368,1,'Merdorp','4280'),(2369,1,'Poucet','4280'),(2370,1,'Racour','4287'),(2371,1,'Fooz','4340'),(2372,1,'Othée','4340'),(2373,1,'Roloux','4347'),(2374,1,'Voroux-Goreux','4347'),(2375,1,'Lamine','4350'),(2376,1,'Momalle','4350'),(2377,1,'Remicourt','4350'),(2378,1,'Haneffe','4357'),(2379,1,'Fize-Le-Marsal','4367'),(2380,1,'Flémalle-Haute','4400'),(2381,1,'Saint-Nicolas','4420'),(2382,1,'Alleur','4432'),(2383,1,'Lantin','4450'),(2384,1,'Slins','4450'),(2385,1,'Grâce-Hollogne','4460'),(2386,1,'Horion-Hozémont','4460'),(2387,1,'Antheit','4520'),(2388,1,'Verlaine','4537'),(2389,1,'Ampsin','4540'),(2390,1,'Flône','4540'),(2391,1,'Villers-Le-Temple','4550'),(2392,1,'Yernée-Fraineux','4550'),(2393,1,'Seny','4557'),(2394,1,'Vierset-Barse','4577'),(2395,1,'Visé','4600'),(2396,1,'Cheratte','4602'),(2397,1,'Berneau','4607'),(2398,1,'Dalhem','4607'),(2399,1,'Retinne','4621'),(2400,1,'Melen','4633'),(2401,1,'Battice','4651'),(2402,1,'Boirs','4690'),(2403,1,'Wonck','4690'),(2404,1,'Eupen','4700'),(2405,1,'Lontzen','4710'),(2406,1,'Walhorn','4711'),(2407,1,'Raeren','4730'),(2408,1,'Eynatten','4731'),(2409,1,'Butgenbach','4750'),(2410,1,'Manderfeld','4760'),(2411,1,'Meyerode','4770'),(2412,1,'Recht','4780'),(2413,1,'Schoenberg','4782'),(2414,1,'Andrimont','4821'),(2415,1,'Gemmenich','4851'),(2416,1,'Wegnez','4860'),(2417,1,'Soiron','4861'),(2418,1,'Nessonvaux','4870'),(2419,1,'La Reid','4910'),(2420,1,'Polleur','4910'),(2421,1,'Bevercé','4960'),(2422,1,'Wanne','4980'),(2423,1,'Basse-Bodeux','4983'),(2424,1,'Lonzée','5030'),(2425,1,'Falisolle','5060'),(2426,1,'Keumiée','5060'),(2427,1,'Aisemont','5070'),(2428,1,'Le Roux','5070'),(2429,1,'Emines','5080'),(2430,1,'Rhisnes','5080'),(2431,1,'Bovesse','5081'),(2432,1,'Jambes','5100'),(2433,1,'Lives-Sur-Meuse','5101'),(2434,1,'Ligny','5140'),(2435,1,'Arbre','5170'),(2436,1,'Moustier-Sur-Sambre','5190'),(2437,1,'Maizeret','5300'),(2438,1,'Namêche','5300'),(2439,1,'Seilles','5300'),(2440,1,'Vezin','5300'),(2441,1,'Dhuy','5310'),(2442,1,'Liernu','5310'),(2443,1,'Mehaigne','5310'),(2444,1,'Assesse','5330'),(2445,1,'Maillen','5330'),(2446,1,'Gesves','5340'),(2447,1,'Haltinne','5340'),(2448,1,'Ohey','5350'),(2449,1,'Hamois','5360'),(2450,1,'Mohiville','5361'),(2451,1,'Havelange','5370'),(2452,1,'Jeneffe','5370'),(2453,1,'Miécret','5376'),(2454,1,'Baillonville','5377'),(2455,1,'Somme-Leuze','5377'),(2456,1,'Waillet','5377'),(2457,1,'Cortil-Wodon','5380'),(2458,1,'Franc-Waret','5380'),(2459,1,'Hemptinne','5380'),(2460,1,'Pontillas','5380'),(2461,1,'Sorinnes','5503'),(2462,1,'Falaen','5522'),(2463,1,'Spontin','5530'),(2464,1,'Annevoie-Rouillon','5537'),(2465,1,'Bioul','5537'),(2466,1,'Sosoye','5537'),(2467,1,'Hastière-Lavaux','5540'),(2468,1,'Waulsort','5540'),(2469,1,'Bagimont','5550'),(2470,1,'Membre','5550'),(2471,1,'Orchimont','5550'),(2472,1,'Baillamont','5555'),(2473,1,'Bièvre','5555'),(2474,1,'Cornimont','5555'),(2475,1,'Ciergnon','5560'),(2476,1,'Finnevaux','5560'),(2477,1,'Hulsonniaux','5560'),(2478,1,'Mesnil-Saint-Blaise','5560'),(2479,1,'Wanlin','5564'),(2480,1,'Honnay','5570'),(2481,1,'Javingue','5570'),(2482,1,'Martouzin-Neuville','5573'),(2483,1,'Sart-Custinne','5575'),(2484,1,'Vencimont','5575'),(2485,1,'Froidfontaine','5576'),(2486,1,'Villers-Sur-Lesse','5580'),(2487,1,'Achêne','5590'),(2488,1,'Leignon','5590'),(2489,1,'Franchimont','5600'),(2490,1,'Merlemont','5600'),(2491,1,'Roly','5600'),(2492,1,'Samart','5600'),(2493,1,'Surice','5600'),(2494,1,'Daussois','5630'),(2495,1,'Biesme','5640'),(2496,1,'Gourdinne','5651'),(2497,1,'Vierves-Sur-Viroin','5670'),(2498,1,'Viroinval','5670'),(2499,1,'Doische','5680'),(2500,1,'Matagne-La-Petite','5680'),(2501,1,'Romerée','5680'),(2502,1,'Vaucelles','5680'),(2503,1,'Monceau-Sur-Sambre','6031'),(2504,1,'Marbaix','6120'),(2505,1,'Nalinnes','6120'),(2506,1,'Anderlues','6150'),(2507,1,'Trazegnies','6183'),(2508,1,'Les Bons Villers','6210'),(2509,1,'Villers-Perwin','6210'),(2510,1,'Mellet','6211'),(2511,1,'Saint-Amand','6221'),(2512,1,'Buzet','6230'),(2513,1,'Pont-À-Celles','6230'),(2514,1,'Liberchies','6238'),(2515,1,'Farciennes','6240'),(2516,1,'Aiseau','6250'),(2517,1,'Boussu-Lez-Walcourt','6440'),(2518,1,'Fourbechies','6440'),(2519,1,'Froidchapelle','6440'),(2520,1,'Salles','6460'),(2521,1,'Vaulx-Lez-Chimay','6462'),(2522,1,'L\'escaillère','6464'),(2523,1,'Montbliart','6470'),(2524,1,'Sautin','6470'),(2525,1,'Beaumont','6500'),(2526,1,'Ragnies','6532'),(2527,1,'Thuillies','6536'),(2528,1,'Sars-La-Buissière','6542'),(2529,1,'Labuissière','6567'),(2530,1,'Merbes-Le-Château','6567'),(2531,1,'Forge-Philippe','6596'),(2532,1,'Seloignes','6596'),(2533,1,'Longvilly','6600'),(2534,1,'Villers-La-Bonne-Eau','6600'),(2535,1,'Morhet','6640'),(2536,1,'Nadrin','6660'),(2537,1,'Bertogne','6687'),(2538,1,'Petit-Thier','6692'),(2539,1,'Grand-Halleux','6698'),(2540,1,'Arlon','6700'),(2541,1,'Bonnert','6700'),(2542,1,'Autelbas','6706'),(2543,1,'Tontelange','6717'),(2544,1,'Rulles','6724'),(2545,1,'Rossignol','6730'),(2546,1,'Tintigny','6730'),(2547,1,'Chantemelle','6742'),(2548,1,'Musson','6750'),(2549,1,'Mussy-La-Ville','6750'),(2550,1,'Ruette','6760'),(2551,1,'Virton','6760'),(2552,1,'Hondelange','6780'),(2553,1,'Messancy','6780'),(2554,1,'Bras','6800'),(2555,1,'Moircy','6800'),(2556,1,'Recogne','6800'),(2557,1,'Izel','6810'),(2558,1,'Sainte-Cécile','6820'),(2559,1,'Noirfontaine','6831'),(2560,1,'Neufchâteau','6840'),(2561,1,'Fays-Les-Veneurs','6856'),(2562,1,'Witry','6860'),(2563,1,'Saint-Hubert','6870'),(2564,1,'Auby-Sur-Semois','6880'),(2565,1,'Redu','6890'),(2566,1,'On','6900'),(2567,1,'Waha','6900'),(2568,1,'Resteigne','6927'),(2569,1,'Porcheresse','6929'),(2570,1,'Bende','6941'),(2571,1,'Tohogne','6941'),(2572,1,'Villers-Sainte-Gertrude','6941'),(2573,1,'Forrières','6953'),(2574,1,'Dochamps','6960'),(2575,1,'Halleux','6986'),(2576,1,'Nimy','7020'),(2577,1,'Harmignies','7022'),(2578,1,'Spiennes','7032'),(2579,1,'Saint-Denis','7034'),(2580,1,'Aulnois','7040'),(2581,1,'Goegnies-Chaussée','7040'),(2582,1,'Quévy-Le-Grand','7040'),(2583,1,'Quévy-Le-Petit','7040'),(2584,1,'Givry','7041'),(2585,1,'Horrues','7060'),(2586,1,'Naast','7062'),(2587,1,'Le Roeulx','7070'),(2588,1,'Mignault','7070'),(2589,1,'La Bouverie','7080'),(2590,1,'Sars-La-Bruyère','7080'),(2591,1,'Haine-Saint-Pierre','7100'),(2592,1,'La Louvière','7100'),(2593,1,'Saint-Vaast','7100'),(2594,1,'Houdeng-Aimeries','7110'),(2595,1,'Estinnes','7120'),(2596,1,'Vellereille-Le-Sec','7120'),(2597,1,'Battignies','7130'),(2598,1,'Epinois','7134'),(2599,1,'Morlanwelz','7140'),(2600,1,'Godarville','7160'),(2601,1,'Fayt-Lez-Manage','7170'),(2602,1,'Feluy','7181'),(2603,1,'Harchies','7321'),(2604,1,'Neufmaison','7332'),(2605,1,'Hautrage','7334'),(2606,1,'Hensies','7350'),(2607,1,'Elouges','7370'),(2608,1,'Marchipont','7387'),(2609,1,'Montignies-Sur-Roc','7387'),(2610,1,'Roisin','7387'),(2611,1,'Ramegnies-Chin','7520'),(2612,1,'Templeuve','7520'),(2613,1,'Chercq','7521'),(2614,1,'Blandain','7522'),(2615,1,'Havinnes','7531'),(2616,1,'Thimougies','7533'),(2617,1,'Maulde','7534'),(2618,1,'Vezon','7538'),(2619,1,'Melles','7540'),(2620,1,'Quartes','7540'),(2621,1,'Bon-Secours','7603'),(2622,1,'Brasmenil','7604'),(2623,1,'Bléharies','7620'),(2624,1,'Lesdain','7621'),(2625,1,'Antoing','7640'),(2626,1,'Péronnes-Lez-Antoing','7640'),(2627,1,'Calonne','7642'),(2628,1,'Mouscron','7700'),(2629,1,'Estaimpuis','7730'),(2630,1,'Evregnies','7730'),(2631,1,'Leers-Nord','7730'),(2632,1,'Amougies','7750'),(2633,1,'Russeignies','7750'),(2634,1,'Escanaffles','7760'),(2635,1,'Ploegsteert','7782'),(2636,1,'Mainvault','7812'),(2637,1,'Moulbaix','7812'),(2638,1,'Meslin-L\'evêque','7822'),(2639,1,'Gibecq','7823'),(2640,1,'Fouleng','7830'),(2641,1,'Marcq','7850'),(2642,1,'Lessines','7860'),(2643,1,'Ogy','7862'),(2644,1,'Cambron-Saint-Vincent','7870'),(2645,1,'Chapelle-À-Oie','7903'),(2646,1,'Gallaix','7906'),(2647,1,'Ellignies-Lez-Frasnes','7910'),(2648,1,'Herquegies','7911'),(2649,1,'Gages','7943'),(2650,1,'Grosage','7950'),(2651,1,'Ladeuze','7950'),(2652,1,'Tongre-Saint-Martin','7950'),(2653,1,'Tongre-Notre-Dame','7951'),(2654,1,'Quevaucamps','7972'),(2655,1,'Damme','8340'),(2656,1,'Oostkerke','8340'),(2657,1,'Sijsele','8340'),(2658,1,'Houtave','8377'),(2659,1,'Stene','8400'),(2660,1,'Bredene','8450'),(2661,1,'Ettelgem','8460'),(2662,1,'Westkerke','8460'),(2663,1,'Ichtegem','8480'),(2664,1,'Zerkegem','8490'),(2665,1,'Aalbeke','8511'),(2666,1,'Bavikhove','8531'),(2667,1,'Deerlijk','8540'),(2668,1,'Otegem','8553'),(2669,1,'Wevelgem','8560'),(2670,1,'Tiegem','8573'),(2671,1,'Handzame','8610'),(2672,1,'Eggewaartskapelle','8630'),(2673,1,'Noordschote','8647'),(2674,1,'De Panne','8660'),(2675,1,'Bovekerke','8680'),(2676,1,'Koekelare','8680'),(2677,1,'Gijverinkhove','8691'),(2678,1,'Izenberge','8691'),(2679,1,'Tielt','8700'),(2680,1,'Sint-Baafs-Vijve','8710'),(2681,1,'Wielsbeke','8710'),(2682,1,'Markegem','8720'),(2683,1,'Sint-Joris','8730'),(2684,1,'Oostrozebeke','8780'),(2685,1,'Beveren','8791'),(2686,1,'Roeselare','8800'),(2687,1,'Oostnieuwkerke','8840'),(2688,1,'Koolskamp','8851'),(2689,1,'Lendelede','8860'),(2690,1,'Emelgem','8870'),(2691,1,'Moorslede','8890'),(2692,1,'Sint-Jan','8900'),(2693,1,'Wervik','8940'),(2694,1,'Heuvelland','8950'),(2695,1,'Wulvergem','8952'),(2696,1,'Reningelst','8970'),(2697,1,'Passendale','8980'),(2698,1,'Wondelgem','9032'),(2699,1,'Lochristi','9080'),(2700,1,'Zeveneken','9080'),(2701,1,'Belsele','9111'),(2702,1,'Sinaai-Waas','9112'),(2703,1,'Haasdonk','9120'),(2704,1,'Bazel','9150'),(2705,1,'Rupelmonde','9150'),(2706,1,'Lokeren','9160'),(2707,1,'Baasrode','9200'),(2708,1,'Moerzeke','9220'),(2709,1,'Opdorp','9255'),(2710,1,'Denderbelle','9280'),(2711,1,'Berlare','9290'),(2712,1,'Overmere','9290'),(2713,1,'Meldert','9310'),(2714,1,'Smetlede','9340'),(2715,1,'Denderwindeke','9400'),(2716,1,'Bambrugge','9420'),(2717,1,'Moerbeke','9500'),(2718,1,'Onkerzele','9500'),(2719,1,'Zarlardinge','9500'),(2720,1,'Nieuwenhove','9506'),(2721,1,'Zandbergen','9506'),(2722,1,'Oombergen','9520'),(2723,1,'Sint-Lievens-Houtem','9520'),(2724,1,'Letterhoutem','9521'),(2725,1,'Hillegem','9550'),(2726,1,'Borsbeke','9552'),(2727,1,'Leeuwergem','9620'),(2728,1,'Oombergen','9620'),(2729,1,'Elst','9660'),(2730,1,'Zegelsem','9660'),(2731,1,'Sint-Maria-Horebeke','9667'),(2732,1,'Schorisse','9688'),(2733,1,'Berchem','9690'),(2734,1,'Ruien','9690'),(2735,1,'Bevere','9700'),(2736,1,'Ename','9700'),(2737,1,'Deinze','9800'),(2738,1,'Gottem','9800'),(2739,1,'Wontergem','9800'),(2740,1,'Melsen','9820'),(2741,1,'Munte','9820'),(2742,1,'Gijzenzele','9860'),(2743,1,'Moortsele','9860'),(2744,1,'Machelen','9870'),(2745,1,'Aalter','9880'),(2746,1,'Poeke','9880'),(2747,1,'Eeklo','9900'),(2748,1,'Lovendegem','9920'),(2749,1,'Vinderhoute','9921'),(2750,1,'Zomergem','9930'),(2751,1,'Ronsele','9932'),(2752,1,'Sleidinge','9940'),(2753,1,'Bassevelde','9968'),(2754,1,'Lembeke','9971'),(2755,1,'Sint-Laureins','9980'),(2756,1,'Sint-Margriete','9981'),(2757,1,'Watervliet','9988');
/*!40000 ALTER TABLE `city` ENABLE KEYS */;
UNLOCK TABLES;

--
-- Table structure for table `country`
--

DROP TABLE IF EXISTS `country`;
/*!40101 SET @saved_cs_client     = @@character_set_client */;
/*!50503 SET character_set_client = utf8mb4 */;
CREATE TABLE `country` (
  `id` int NOT NULL AUTO_INCREMENT,
  `name` varchar(100) NOT NULL,
  PRIMARY KEY (`id`),
  UNIQUE KEY `name` (`name`)
) ENGINE=InnoDB AUTO_INCREMENT=2 DEFAULT CHARSET=utf8mb4 COLLATE=utf8mb4_0900_ai_ci;
/*!40101 SET character_set_client = @saved_cs_client */;

--
-- Dumping data for table `country`
--

LOCK TABLES `country` WRITE;
/*!40000 ALTER TABLE `country` DISABLE KEYS */;
INSERT INTO `country` VALUES (1,'Belgium');
/*!40000 ALTER TABLE `country` ENABLE KEYS */;
UNLOCK TABLES;

--
-- Table structure for table `hall`
--

DROP TABLE IF EXISTS `hall`;
/*!40101 SET @saved_cs_client     = @@character_set_client */;
/*!50503 SET character_set_client = utf8mb4 */;
CREATE TABLE `hall` (
  `id` int NOT NULL AUTO_INCREMENT,
  `building_id` int NOT NULL,
  `name` varchar(100) NOT NULL,
  `hourly_rate` decimal(10,2) NOT NULL,
  PRIMARY KEY (`id`),
  KEY `building_id` (`building_id`),
  CONSTRAINT `hall_ibfk_1` FOREIGN KEY (`building_id`) REFERENCES `building` (`id`)
) ENGINE=InnoDB AUTO_INCREMENT=17 DEFAULT CHARSET=utf8mb4 COLLATE=utf8mb4_0900_ai_ci;
/*!40101 SET character_set_client = @saved_cs_client */;

--
-- Dumping data for table `hall`
--

LOCK TABLES `hall` WRITE;
/*!40000 ALTER TABLE `hall` DISABLE KEYS */;
INSERT INTO `hall` VALUES (8,1,'Terrain A',60.00),(9,1,'Terrain B',60.00),(10,1,'Salle A',50.00),(11,1,'Salle B',50.00),(12,2,'Court 1',20.00),(13,2,'Court 2',20.00),(14,3,'T1',40.00),(15,3,'T2',40.00),(16,3,'T3',40.00);
/*!40000 ALTER TABLE `hall` ENABLE KEYS */;
UNLOCK TABLES;

--
-- Table structure for table `hall_category`
--

DROP TABLE IF EXISTS `hall_category`;
/*!40101 SET @saved_cs_client     = @@character_set_client */;
/*!50503 SET character_set_client = utf8mb4 */;
CREATE TABLE `hall_category` (
  `id` int NOT NULL AUTO_INCREMENT,
  `hall_id` int NOT NULL,
  `category_id` int NOT NULL,
  PRIMARY KEY (`id`),
  KEY `hall_id` (`hall_id`),
  KEY `category_id` (`category_id`),
  CONSTRAINT `hall_category_ibfk_1` FOREIGN KEY (`hall_id`) REFERENCES `hall` (`id`),
  CONSTRAINT `hall_category_ibfk_2` FOREIGN KEY (`category_id`) REFERENCES `category` (`id`)
) ENGINE=InnoDB AUTO_INCREMENT=17 DEFAULT CHARSET=utf8mb4 COLLATE=utf8mb4_0900_ai_ci;
/*!40101 SET character_set_client = @saved_cs_client */;

--
-- Dumping data for table `hall_category`
--

LOCK TABLES `hall_category` WRITE;
/*!40000 ALTER TABLE `hall_category` DISABLE KEYS */;
INSERT INTO `hall_category` VALUES (8,8,3),(9,9,3),(10,10,4),(11,11,4),(12,12,1),(13,13,1),(14,14,2),(15,15,2),(16,16,2);
/*!40000 ALTER TABLE `hall_category` ENABLE KEYS */;
UNLOCK TABLES;

--
-- Table structure for table `hall_schedule`
--

DROP TABLE IF EXISTS `hall_schedule`;
/*!40101 SET @saved_cs_client     = @@character_set_client */;
/*!50503 SET character_set_client = utf8mb4 */;
CREATE TABLE `hall_schedule` (
  `id` int NOT NULL AUTO_INCREMENT,
  `hall_id` int NOT NULL,
  `opening_hours_id` int NOT NULL,
  `week_day` tinyint NOT NULL,
  `beginning_date` date NOT NULL,
  `ending_date` date DEFAULT NULL,
  `is_temporary` tinyint(1) NOT NULL,
  PRIMARY KEY (`id`),
  KEY `hall_id` (`hall_id`),
  KEY `opening_hours_id` (`opening_hours_id`),
  CONSTRAINT `hall_schedule_ibfk_1` FOREIGN KEY (`hall_id`) REFERENCES `hall` (`id`),
  CONSTRAINT `hall_schedule_ibfk_2` FOREIGN KEY (`opening_hours_id`) REFERENCES `opening_hours` (`id`)
) ENGINE=InnoDB AUTO_INCREMENT=127 DEFAULT CHARSET=utf8mb4 COLLATE=utf8mb4_0900_ai_ci;
/*!40101 SET character_set_client = @saved_cs_client */;

--
-- Dumping data for table `hall_schedule`
--

LOCK TABLES `hall_schedule` WRITE;
/*!40000 ALTER TABLE `hall_schedule` DISABLE KEYS */;
INSERT INTO `hall_schedule` VALUES (59,16,1,1,'2023-10-26',NULL,0),(64,8,2,1,'2023-10-26',NULL,0),(65,8,2,2,'2023-10-26',NULL,0),(66,8,3,3,'2023-10-26',NULL,0),(67,8,2,4,'2023-10-26',NULL,0),(68,8,4,5,'2023-10-26',NULL,0),(69,8,3,6,'2023-10-26',NULL,0),(70,8,5,7,'2023-10-26',NULL,0),(71,9,2,1,'2023-10-26',NULL,0),(72,9,2,2,'2023-10-26',NULL,0),(73,9,6,3,'2023-10-26',NULL,0),(74,9,2,4,'2023-10-26',NULL,0),(75,9,4,5,'2023-10-26',NULL,0),(76,9,3,6,'2023-10-26',NULL,0),(77,9,5,7,'2023-10-26',NULL,0),(78,10,4,1,'2023-10-26',NULL,0),(79,10,4,2,'2023-10-26',NULL,0),(80,10,4,3,'2023-10-26',NULL,0),(81,10,4,4,'2023-10-26',NULL,0),(82,10,4,5,'2023-10-26',NULL,0),(83,10,7,6,'2023-10-26',NULL,0),(84,10,8,7,'2023-10-26',NULL,0),(85,11,4,1,'2023-10-26',NULL,0),(86,11,4,2,'2023-10-26',NULL,0),(87,11,4,3,'2023-10-26',NULL,0),(88,11,4,4,'2023-10-26',NULL,0),(89,11,4,5,'2023-10-26',NULL,0),(90,11,7,6,'2023-10-26',NULL,0),(91,11,8,7,'2023-10-26',NULL,0),(92,12,9,1,'2023-10-26',NULL,0),(93,12,9,2,'2023-10-26',NULL,0),(94,12,9,3,'2023-10-26',NULL,0),(95,12,9,4,'2023-10-26',NULL,0),(96,12,9,5,'2023-10-26',NULL,0),(97,12,10,6,'2023-10-26',NULL,0),(98,12,10,7,'2023-10-26',NULL,0),(99,13,9,1,'2023-10-26',NULL,0),(100,13,9,2,'2023-10-26',NULL,0),(101,13,9,3,'2023-10-26',NULL,0),(102,13,9,4,'2023-10-26',NULL,0),(103,13,9,5,'2023-10-26',NULL,0),(104,13,10,6,'2023-10-26',NULL,0),(105,13,10,7,'2023-10-26',NULL,0),(106,14,3,1,'2023-10-26',NULL,0),(107,14,3,2,'2023-10-26',NULL,0),(108,14,11,3,'2023-10-26',NULL,0),(109,14,3,4,'2023-10-26',NULL,0),(110,14,12,5,'2023-10-26',NULL,0),(111,14,12,6,'2023-10-26',NULL,0),(112,14,12,7,'2023-10-26',NULL,0),(113,15,3,1,'2023-10-26',NULL,0),(114,15,3,2,'2023-10-26',NULL,0),(116,15,3,4,'2023-10-26',NULL,0),(117,15,11,3,'2023-10-26',NULL,0),(118,15,4,5,'2023-10-26',NULL,0),(119,15,4,6,'2023-10-26',NULL,0),(120,15,4,7,'2023-10-26',NULL,0),(121,16,3,2,'2023-10-26',NULL,0),(122,16,11,3,'2023-10-26',NULL,0),(123,16,3,4,'2023-10-26',NULL,0),(124,16,11,5,'2023-10-26',NULL,0),(125,16,11,6,'2023-10-26',NULL,0),(126,16,11,7,'2023-10-26',NULL,0);
/*!40000 ALTER TABLE `hall_schedule` ENABLE KEYS */;
UNLOCK TABLES;

--
-- Table structure for table `opening_hours`
--

DROP TABLE IF EXISTS `opening_hours`;
/*!40101 SET @saved_cs_client     = @@character_set_client */;
/*!50503 SET character_set_client = utf8mb4 */;
CREATE TABLE `opening_hours` (
  `id` int NOT NULL AUTO_INCREMENT,
  `opening_time` time NOT NULL,
  `closing_time` time NOT NULL,
  PRIMARY KEY (`id`)
) ENGINE=InnoDB AUTO_INCREMENT=13 DEFAULT CHARSET=utf8mb4 COLLATE=utf8mb4_0900_ai_ci;
/*!40101 SET character_set_client = @saved_cs_client */;

--
-- Dumping data for table `opening_hours`
--

LOCK TABLES `opening_hours` WRITE;
/*!40000 ALTER TABLE `opening_hours` DISABLE KEYS */;
INSERT INTO `opening_hours` VALUES (1,'00:00:00','00:00:00'),(2,'10:00:00','20:00:00'),(3,'10:00:00','22:00:00'),(4,'10:00:00','23:00:00'),(5,'11:00:00','20:00:00'),(6,'14:00:00','22:00:00'),(7,'12:00:00','23:00:00'),(8,'12:00:00','22:00:00'),(9,'09:00:00','19:00:00'),(10,'09:00:00','20:00:00'),(11,'09:00:00','22:00:00'),(12,'11:00:00','23:00:00');
/*!40000 ALTER TABLE `opening_hours` ENABLE KEYS */;
UNLOCK TABLES;

--
-- Table structure for table `payment_history`
--

DROP TABLE IF EXISTS `payment_history`;
/*!40101 SET @saved_cs_client     = @@character_set_client */;
/*!50503 SET character_set_client = utf8mb4 */;
CREATE TABLE `payment_history` (
  `id` int NOT NULL AUTO_INCREMENT,
  `receiver_user_id` int NOT NULL,
  `booking_id` int NOT NULL,
  `payment_type` enum('Cash','Bancontact','BankTransfer') NOT NULL,
  `time_stamp` datetime NOT NULL,
  PRIMARY KEY (`id`),
  KEY `receiver_user_id` (`receiver_user_id`),
  KEY `booking_id` (`booking_id`),
  CONSTRAINT `payment_history_ibfk_1` FOREIGN KEY (`receiver_user_id`) REFERENCES `user` (`id`),
  CONSTRAINT `payment_history_ibfk_2` FOREIGN KEY (`booking_id`) REFERENCES `booking` (`id`)
) ENGINE=InnoDB DEFAULT CHARSET=utf8mb4 COLLATE=utf8mb4_0900_ai_ci;
/*!40101 SET character_set_client = @saved_cs_client */;

--
-- Dumping data for table `payment_history`
--

LOCK TABLES `payment_history` WRITE;
/*!40000 ALTER TABLE `payment_history` DISABLE KEYS */;
/*!40000 ALTER TABLE `payment_history` ENABLE KEYS */;
UNLOCK TABLES;

--
-- Table structure for table `permission`
--

DROP TABLE IF EXISTS `permission`;
/*!40101 SET @saved_cs_client     = @@character_set_client */;
/*!50503 SET character_set_client = utf8mb4 */;
CREATE TABLE `permission` (
  `id` int NOT NULL AUTO_INCREMENT,
  `label` varchar(100) NOT NULL,
  PRIMARY KEY (`id`)
) ENGINE=InnoDB DEFAULT CHARSET=utf8mb4 COLLATE=utf8mb4_0900_ai_ci;
/*!40101 SET character_set_client = @saved_cs_client */;

--
-- Dumping data for table `permission`
--

LOCK TABLES `permission` WRITE;
/*!40000 ALTER TABLE `permission` DISABLE KEYS */;
/*!40000 ALTER TABLE `permission` ENABLE KEYS */;
UNLOCK TABLES;

--
-- Table structure for table `role`
--

DROP TABLE IF EXISTS `role`;
/*!40101 SET @saved_cs_client     = @@character_set_client */;
/*!50503 SET character_set_client = utf8mb4 */;
CREATE TABLE `role` (
  `id` int NOT NULL AUTO_INCREMENT,
  `name` varchar(100) NOT NULL,
  PRIMARY KEY (`id`)
) ENGINE=InnoDB AUTO_INCREMENT=4 DEFAULT CHARSET=utf8mb4 COLLATE=utf8mb4_0900_ai_ci;
/*!40101 SET character_set_client = @saved_cs_client */;

--
-- Dumping data for table `role`
--

LOCK TABLES `role` WRITE;
/*!40000 ALTER TABLE `role` DISABLE KEYS */;
INSERT INTO `role` VALUES (1,'manager'),(2,'receptionist'),(3,'tenant');
/*!40000 ALTER TABLE `role` ENABLE KEYS */;
UNLOCK TABLES;

--
-- Table structure for table `role_permissions`
--

DROP TABLE IF EXISTS `role_permissions`;
/*!40101 SET @saved_cs_client     = @@character_set_client */;
/*!50503 SET character_set_client = utf8mb4 */;
CREATE TABLE `role_permissions` (
  `id` int NOT NULL AUTO_INCREMENT,
  `role_id` int NOT NULL,
  `permission_id` int NOT NULL,
  PRIMARY KEY (`id`),
  KEY `role_id` (`role_id`),
  KEY `permission_id` (`permission_id`),
  CONSTRAINT `role_permissions_ibfk_1` FOREIGN KEY (`role_id`) REFERENCES `role` (`id`),
  CONSTRAINT `role_permissions_ibfk_2` FOREIGN KEY (`permission_id`) REFERENCES `permission` (`id`)
) ENGINE=InnoDB DEFAULT CHARSET=utf8mb4 COLLATE=utf8mb4_0900_ai_ci;
/*!40101 SET character_set_client = @saved_cs_client */;

--
-- Dumping data for table `role_permissions`
--

LOCK TABLES `role_permissions` WRITE;
/*!40000 ALTER TABLE `role_permissions` DISABLE KEYS */;
/*!40000 ALTER TABLE `role_permissions` ENABLE KEYS */;
UNLOCK TABLES;

--
-- Table structure for table `user`
--

DROP TABLE IF EXISTS `user`;
/*!40101 SET @saved_cs_client     = @@character_set_client */;
/*!50503 SET character_set_client = utf8mb4 */;
CREATE TABLE `user` (
  `id` int NOT NULL AUTO_INCREMENT,
  `role_id` int NOT NULL,
  `address_id` int NOT NULL,
  `username` varchar(100) NOT NULL,
  `password` varchar(255) NOT NULL,
  `firstname` varchar(100) NOT NULL,
  `lastname` varchar(100) NOT NULL,
  `phone_number` varchar(20) NOT NULL,
  `email` varchar(100) NOT NULL,
  `is_blocked` tinyint(1) NOT NULL DEFAULT '0',
  PRIMARY KEY (`id`),
  KEY `role_id` (`role_id`),
  KEY `address_id` (`address_id`),
  CONSTRAINT `user_ibfk_1` FOREIGN KEY (`role_id`) REFERENCES `role` (`id`),
  CONSTRAINT `user_ibfk_2` FOREIGN KEY (`address_id`) REFERENCES `address` (`id`)
) ENGINE=InnoDB AUTO_INCREMENT=2 DEFAULT CHARSET=utf8mb4 COLLATE=utf8mb4_0900_ai_ci;
/*!40101 SET character_set_client = @saved_cs_client */;

--
-- Dumping data for table `user`
--

LOCK TABLES `user` WRITE;
/*!40000 ALTER TABLE `user` DISABLE KEYS */;
INSERT INTO `user` VALUES (1,1,1,'lahcen','$shiro1$SHA-256$500000$SsOV1X29o20w3aWrVHBYMg==$aVCAylWzc1rgCbu/CjZ5zZQgEkSUoVi9vHNdmV1UuKo=','Lahcen','Boukhoubza','0489812322','mymail@mail.com',0);
/*!40000 ALTER TABLE `user` ENABLE KEYS */;
UNLOCK TABLES;
/*!40103 SET TIME_ZONE=@OLD_TIME_ZONE */;

/*!40101 SET SQL_MODE=@OLD_SQL_MODE */;
/*!40014 SET FOREIGN_KEY_CHECKS=@OLD_FOREIGN_KEY_CHECKS */;
/*!40014 SET UNIQUE_CHECKS=@OLD_UNIQUE_CHECKS */;
/*!40101 SET CHARACTER_SET_CLIENT=@OLD_CHARACTER_SET_CLIENT */;
/*!40101 SET CHARACTER_SET_RESULTS=@OLD_CHARACTER_SET_RESULTS */;
/*!40101 SET COLLATION_CONNECTION=@OLD_COLLATION_CONNECTION */;
/*!40111 SET SQL_NOTES=@OLD_SQL_NOTES */;

-- Dump completed on 2023-10-26 22:06:48
